{
    "angle": 30,
    "throttle": 40,
    "move_time": 5,
    "times": [
        5.245208740234375e-06,
        0.032462358474731445,
        0.06513833999633789,
        0.09878921508789062,
        0.13233113288879395,
        0.1647019386291504,
        0.19836878776550293,
        0.2314910888671875,
        0.2644832134246826,
        0.29683756828308105,
        0.3298194408416748,
        0.3633749485015869,
        0.3959379196166992,
        0.4286835193634033,
        0.46289730072021484,
        0.49574875831604004,
        0.529304027557373,
        0.5632872581481934,
        0.5967750549316406,
        0.6298015117645264,
        0.6637270450592041,
        0.6964123249053955,
        0.7294166088104248,
        0.7619524002075195,
        0.795137882232666,
        0.8278548717498779,
        0.861278772354126,
        0.8945777416229248,
        0.9270782470703125,
        0.9603297710418701,
        0.9933266639709473,
        1.0264365673065186,
        1.0595860481262207,
        1.0921459197998047,
        1.125089406967163,
        1.1578357219696045,
        1.1904985904693604,
        1.2240877151489258,
        1.2570805549621582,
        1.2901556491851807,
        1.3236188888549805,
        1.356323003768921,
        1.3896944522857666,
        1.422572135925293,
        1.4552721977233887,
        1.4890081882476807,
        1.5230865478515625,
        1.5557606220245361,
        1.5901262760162354,
        1.6241157054901123,
        1.657975435256958,
        1.6904962062835693,
        1.7235698699951172,
        1.7562367916107178,
        1.7891879081726074,
        1.8230781555175781,
        1.8565943241119385,
        1.8891408443450928,
        1.9222381114959717,
        1.9554345607757568,
        1.9882135391235352,
        2.021512508392334,
        2.0548787117004395,
        2.0883405208587646,
        2.1213369369506836,
        2.155719518661499,
        2.1891489028930664,
        2.2225069999694824,
        2.255854845046997,
        2.2893145084381104,
        2.323171854019165,
        2.3561997413635254,
        2.389120101928711,
        2.4227190017700195,
        2.455296516418457,
        2.4880447387695312,
        2.5217766761779785,
        2.554933547973633,
        2.588414430618286,
        2.6209969520568848,
        2.6546239852905273,
        2.688204765319824,
        2.7213759422302246,
        2.7547354698181152,
        2.787261962890625,
        2.8205080032348633,
        2.853463649749756,
        2.8866288661956787,
        2.9199378490448,
        2.9533586502075195,
        2.986658811569214,
        3.0197365283966064,
        3.052471399307251,
        3.085860252380371,
        3.1191654205322266,
        3.1523759365081787,
        3.1864166259765625,
        3.219542980194092,
        3.2524163722991943,
        3.2867140769958496,
        3.3206992149353027,
        3.353752374649048,
        3.398327350616455,
        3.442741632461548,
        3.4866442680358887,
        3.5303330421447754,
        3.576449155807495,
        3.6206865310668945,
        3.6543121337890625,
        3.687208890914917,
        3.731438159942627,
        3.776259422302246,
        3.809175968170166,
        3.842036247253418,
        3.8756484985351562,
        3.9095442295074463,
        3.9437167644500732,
        3.987438440322876,
        4.0327112674713135,
        4.077270269393921,
        4.120560646057129,
        4.165600061416626,
        4.209194660186768,
        4.254168272018433,
        4.297970771789551,
        4.3309478759765625,
        4.374933958053589,
        4.42021918296814,
        4.464366674423218,
        4.508406400680542,
        4.553467273712158,
        4.598633766174316,
        4.642817258834839,
        4.68646240234375,
        4.729859828948975,
        4.7742674350738525,
        4.81816029548645,
        4.862958669662476,
        4.907394170761108,
        4.9518232345581055,
        4.997157096862793,
        5.042699337005615
    ],
    "x": [
        0.592,
        -5.905,
        -5.943,
        -5.957,
        -5.949,
        -5.946,
        -5.924,
        -5.853,
        -5.728,
        -5.559,
        -5.345,
        -5.059,
        -4.744,
        -4.374,
        -3.943,
        -3.804,
        -2.951,
        -2.352,
        -1.707,
        -1.079,
        -0.359,
        0.406,
        0.619,
        1.922,
        2.772,
        3.574,
        4.483,
        5.406,
        6.278,
        7.261,
        7.543,
        9.16,
        10.139,
        11.177,
        12.159,
        13.183,
        14.267,
        15.373,
        16.467,
        17.625,
        18.739,
        19.939,
        21.037,
        22.227,
        23.337,
        23.72,
        25.67,
        26.797,
        28.042,
        29.194,
        30.27,
        31.365,
        32.382,
        33.447,
        34.4,
        35.421,
        36.45,
        37.398,
        38.413,
        39.38,
        40.394,
        41.394,
        42.449,
        42.742,
        44.466,
        45.496,
        46.517,
        47.556,
        48.524,
        49.533,
        50.56,
        51.597,
        52.563,
        53.599,
        54.584,
        55.539,
        56.625,
        57.691,
        58.735,
        59.754,
        60.829,
        61.185,
        62.876,
        63.923,
        64.976,
        66.013,
        67.039,
        68.11,
        69.173,
        70.272,
        71.345,
        72.399,
        73.466,
        74.462,
        75.568,
        76.639,
        77.694,
        78.735,
        79.842,
        80.929,
        82.08,
        83.139,
        84.633,
        86.035,
        87.437,
        88.873,
        90.371,
        91.779,
        91.779,
        93.213,
        95.339,
        96.812,
        97.817,
        98.927,
        99.96,
        101.03,
        102.146,
        103.578,
        105.062,
        106.446,
        107.819,
        109.191,
        110.594,
        112.082,
        113.423,
        114.5,
        115.534,
        117.39,
        118.763,
        120.193,
        121.692,
        123.232,
        124.685,
        126.12,
        127.468,
        128.952,
        130.332,
        131.578,
        132.754,
        133.925,
        135.097,
        136.273
    ],