{
    "angle": 40,
    "throttle": 40,
    "move_time": 5,
    "times": [
        3.814697265625e-06,
        0.03327035903930664,
        0.06715893745422363,
        0.10088515281677246,
        0.13529491424560547,
        0.1681652069091797,
        0.20149660110473633,
        0.23615121841430664,
        0.2688558101654053,
        0.3017721176147461,
        0.3351128101348877,
        0.36922669410705566,
        0.4025847911834717,
        0.4363124370574951,
        0.46978282928466797,
        0.5041069984436035,
        0.5369787216186523,
        0.5709788799285889,
        0.6039376258850098,
        0.6375470161437988,
        0.6703641414642334,
        0.70430588722229,
        0.738774299621582,
        0.771547794342041,
        0.804490327835083,
        0.8375678062438965,
        0.8704397678375244,
        0.9029786586761475,
        0.9357259273529053,
        0.968480110168457,
        1.0023128986358643,
        1.0350348949432373,
        1.0673835277557373,
        1.1005995273590088,
        1.1334812641143799,
        1.1661570072174072,
        1.200150489807129,
        1.2337491512298584,
        1.2677662372589111,
        1.3009040355682373,
        1.3338005542755127,
        1.3666720390319824,
        1.4007353782653809,
        1.43406081199646,
        1.4669756889343262,
        1.4998385906219482,
        1.5324842929840088,
        1.565298080444336,
        1.5979180335998535,
        1.6315090656280518,
        1.6645288467407227,
        1.6983094215393066,
        1.7313063144683838,
        1.7639505863189697,
        1.7969059944152832,
        1.830488920211792,
        1.8632395267486572,
        1.896360158920288,
        1.9290659427642822,
        1.9622125625610352,
        1.9962403774261475,
        2.0290284156799316,
        2.0622432231903076,
        2.0952658653259277,
        2.128286123275757,
        2.1609601974487305,
        2.1943628787994385,
        2.23842716217041,
        2.2833855152130127,
        2.317409038543701,
        2.3510537147521973,
        2.394603729248047,
        2.438814401626587,
        2.482808828353882,
        2.51692271232605,
        2.550480604171753,
        2.584341526031494,
        2.617354154586792,
        2.6505024433135986,
        2.684206008911133,
        2.7175564765930176,
        2.750560760498047,
        2.7846803665161133,
        2.8172221183776855,
        2.850768804550171,
        2.8844356536865234,
        2.928206443786621,
        2.972449779510498,
        3.0160374641418457,
        3.0486741065979004,
        3.0816919803619385,
        3.1268506050109863,
        3.172017812728882,
        3.2165887355804443,
        3.2608726024627686,
        3.3058977127075195,
        3.3504786491394043,
        3.3946373462677,
        3.4382858276367188,
        3.483257293701172,
        3.527604341506958,
        3.5714104175567627,
        3.6156461238861084,
        3.6594088077545166,
        3.703509569168091,
        3.7469465732574463,
        3.791677236557007,
        3.837015390396118,
        3.8804538249969482,
        3.924898147583008,
        3.9698874950408936,
        4.0030176639556885,
        4.046926498413086,
        4.0918848514556885,
        4.136397361755371,
        4.180805921554565,
        4.22550630569458,
        4.270332098007202,
        4.316115379333496,
        4.360020399093628,
        4.404001951217651,
        4.447432518005371,
        4.491242170333862,
        4.535982131958008,
        4.57973575592041,
        4.623158693313599,
        4.668239116668701,
        4.712476015090942,
        4.756600618362427,
        4.80035138130188,
        4.8450093269348145,
        4.8890221118927,
        4.933186769485474,
        4.978475332260132,
        5.022276163101196
    ],
    "x": [
        1.103,
        -16.799,
        -16.814,
        -16.761,
        -16.687,
        -16.617,
        -16.493,
        -16.291,
        -16.005,
        -15.668,
        -15.256,
        -14.773,
        -14.275,
        -13.699,
        -13.041,
        -12.843,
        -12.095,
        -10.752,
        -9.901,
        -8.945,
        -7.954,
        -6.853,
        -5.709,
        -4.492,
        -3.32,
        -2.061,
        -0.808,
        0.544,
        1.813,
        3.161,
        4.564,
        5.961,
        7.366,
        8.764,
        9.298,
        11.748,
        13.261,
        14.774,
        16.344,
        17.884,
        19.301,
        20.756,
        22.286,
        23.841,
        25.447,
        26.947,
        28.457,
        30.057,
        30.486,
        33.155,
        34.747,
        36.382,
        38.041,
        39.63,
        41.262,
        42.827,
        44.473,
        45.985,
        47.657,
        49.163,
        50.641,
        52.107,
        53.449,
        54.784,
        56.096,
        57.458,
        58.734,
        60.416,
        62.101,
        63.342,
        64.669,
        66.245,
        67.88,
        69.519,
        70.859,
        72.221,
        73.694,
        75.127,
        76.514,
        78.03,
        79.53,
        80.954,
        82.443,
        83.897,
        85.299,
        86.72,
        88.565,
        90.332,
        92.032,
        93.379,
        94.86,
        96.896,
        98.926,
        100.769,
        102.578,
        104.424,
        106.174,
        107.943,
        109.758,
        111.711,
        113.051,
        115.536,
        117.461,
        119.447,
        121.414,
        123.366,
        125.295,
        127.308,
        129.175,
        131.226,
        133.161,
        134.71,
        136.769,
        138.746,
        140.646,
        142.542,
        144.504,
        146.356,
        148.189,
        149.96,
        151.74,
        152.991,
        155.247,
        156.946,
        158.816,
        160.717,
        162.65,
        164.655,
        166.633,
        168.567,
        170.577,
        172.434,
        174.188,
        175.916,
        177.611
    ],