{
    "angle": 20,
    "throttle": 50,
    "move_time": 5,
    "times": [
        2.86102294921875e-06,
        0.03196144104003906,
        0.06394100189208984,
        0.09703922271728516,
        0.13059115409851074,
        0.16409873962402344,
        0.19707560539245605,
        0.23084497451782227,
        0.26514697074890137,
        0.2983863353729248,
        0.33088135719299316,
        0.36470961570739746,
        0.3977174758911133,
        0.43158578872680664,
        0.46523547172546387,
        0.4988417625427246,
        0.5319287776947021,
        0.5650379657745361,
        0.5977029800415039,
        0.6309545040130615,
        0.6639053821563721,
        0.6975574493408203,
        0.7313497066497803,
        0.7651166915893555,
        0.79803466796875,
        0.832045316696167,
        0.864750862121582,
        0.898057222366333,
        0.9319257736206055,
        0.965203046798706,
        0.9987010955810547,
        1.031893014907837,
        1.0647542476654053,
        1.0981202125549316,
        1.1305088996887207,
        1.1636457443237305,
        1.196073293685913,
        1.2289409637451172,
        1.2624995708465576,
        1.2956573963165283,
        1.3288207054138184,
        1.3623437881469727,
        1.3961243629455566,
        1.429391860961914,
        1.4635298252105713,
        1.4968771934509277,
        1.529665231704712,
        1.5627415180206299,
        1.5958976745605469,
        1.629460334777832,
        1.662618637084961,
        1.6953940391540527,
        1.7289533615112305,
        1.7623536586761475,
        1.7958927154541016,
        1.828869342803955,
        1.8625435829162598,
        1.8959136009216309,
        1.928985834121704,
        1.9619054794311523,
        1.9955635070800781,
        2.0286548137664795,
        2.0621774196624756,
        2.095623016357422,
        2.1283836364746094,
        2.161215305328369,
        2.194324016571045,
        2.2270357608795166,
        2.2603015899658203,
        2.293585777282715,
        2.326683282852173,
        2.3596596717834473,
        2.3922672271728516,
        2.425203323364258,
        2.4580514430999756,
        2.4915225505828857,
        2.525019645690918,
        2.559436082839966,
        2.5935165882110596,
        2.6264264583587646,
        2.659567356109619,
        2.692722797393799,
        2.72705078125,
        2.771697521209717,
        2.8160901069641113,
        2.8602442741394043,
        2.90476131439209,
        2.949207067489624,
        2.9826626777648926,
        3.026275157928467,
        3.07060170173645,
        3.1149404048919678,
        3.1585075855255127,
        3.2040512561798096,
        3.248856782913208,
        3.2926173210144043,
        3.3253753185272217,
        3.35971736907959,
        3.404336929321289,
        3.4500980377197266,
        3.49360728263855,
        3.5263686180114746,
        3.559292793273926,
        3.592535972595215,
        3.63761305809021,
        3.6815295219421387,
        3.7251408100128174,
        3.7693517208099365,
        3.8134477138519287,
        3.8580164909362793,
        3.9020602703094482,
        3.946544885635376,
        3.9911048412323,
        4.036253452301025,
        4.079552888870239,
        4.123191833496094,
        4.168618679046631,
        4.211527585983276,
        4.255293846130371,
        4.299862384796143,
        4.344334840774536,
        4.3883442878723145,
        4.431691884994507,
        4.47487211227417,
        4.518880128860474,
        4.564119815826416,
        4.608693599700928,
        4.653360843658447,
        4.69783091545105,
        4.742242336273193,
        4.785969972610474,
        4.830918788909912,
        4.875962972640991,
        4.919479608535767,
        4.964335918426514,
        5.00871729850769
    ],
    "x": [
        -4.368,
        -2.939,
        -2.961,
        -2.977,
        -2.985,
        -2.996,
        -3.012,
        -3.005,
        -2.981,
        -2.937,
        -2.874,
        -2.781,
        -2.673,
        -2.543,
        -2.386,
        -2.318,
        -1.982,
        -1.767,
        -1.514,
        -1.226,
        -0.92,
        -0.593,
        -0.238,
        0.12,
        0.263,
        0.917,
        1.297,
        1.732,
        2.185,
        2.614,
        3.096,
        3.548,
        4.032,
        4.191,
        5.024,
        5.513,
        6.075,
        6.608,
        7.196,
        7.787,
        8.412,
        9.054,
        9.736,
        10.37,
        11.045,
        11.302,
        12.422,
        13.117,
        13.833,
        14.498,
        15.208,
        15.918,
        16.672,
        17.439,
        18.198,
        18.987,
        19.753,
        20.522,
        21.228,
        21.951,
        22.739,
        23.501,
        24.247,
        24.974,
        25.725,
        26.412,
        27.125,
        27.791,
        28.513,
        29.16,
        29.821,
        30.472,
        31.148,
        31.737,
        32.374,
        32.963,
        33.18,
        34.357,
        35.098,
        35.848,
        36.592,
        37.383,
        38.163,
        39.193,
        40.135,
        41.053,
        41.747,
        42.828,
        43.464,
        44.271,
        45.032,
        45.645,
        46.587,
        47.389,
        48.137,
        48.921,
        49.536,
        50.244,
        51.276,
        52.32,
        53.227,
        54.028,
        54.716,
        55.383,
        56.211,
        57.037,
        57.749,
        58.433,
        59.081,
        59.863,
        60.737,
        61.622,
        62.709,
        63.898,
        64.868,
        65.874,
        66.723,
        67.426,
        68.189,
        68.992,
        69.907,
        70.772,
        71.556,
        72.425,
        73.239,
        74.119,
        74.998,
        75.924,
        76.909,
        77.866,
        78.625,
        79.849,
        80.672,
        81.32,
        82.071,
        82.858
    ],