{"angle": 0, "throttle": 40, "move_time": 5, "times": [1.8835067749023438e-05, 0.0330350399017334, 0.0643010139465332, 0.09586715698242188, 0.12891459465026855, 0.1627635955810547, 0.1962888240814209, 0.22941207885742188, 0.2631988525390625, 0.29631567001342773, 0.32909107208251953, 0.3621082305908203, 0.39557576179504395, 0.4286458492279053, 0.46226954460144043, 0.49520230293273926, 0.5285615921020508, 0.56203293800354, 0.5959925651550293, 0.6287970542907715, 0.6625545024871826, 0.6954710483551025, 0.7286624908447266, 0.762671947479248, 0.7955591678619385, 0.8289244174957275, 0.8617117404937744, 0.8944108486175537, 0.9270415306091309, 0.9610066413879395, 0.9949848651885986, 1.0281767845153809, 1.06087327003479, 1.093531847000122, 1.126535415649414, 1.159294605255127, 1.192289113998413, 1.2257988452911377, 1.2590603828430176, 1.291877031326294, 1.3246526718139648, 1.3581843376159668, 1.3922436237335205, 1.4244637489318848, 1.457399845123291, 1.4906775951385498, 1.5243797302246094, 1.5573232173919678, 1.5900473594665527, 1.6227831840515137, 1.6569302082061768, 1.689868450164795, 1.723252296447754, 1.756047010421753, 1.7890470027923584, 1.821742057800293, 1.8553788661956787, 1.8891429901123047, 1.9221699237823486, 1.9549412727355957, 1.9875092506408691, 2.0209643840789795, 2.054868221282959, 2.0883162021636963, 2.122312068939209, 2.167415142059326, 2.212434768676758, 2.2459466457366943, 2.279360055923462, 2.312624454498291, 2.3449716567993164, 2.3780672550201416, 2.41039776802063, 2.444251298904419, 2.477576732635498, 2.511174440383911, 2.5550453662872314, 2.599644422531128, 2.64321231842041, 2.6758241653442383, 2.709242343902588, 2.742746591567993, 2.776393175125122, 2.8202288150787354, 2.865577220916748, 2.91023588180542, 2.9432060718536377, 2.976231813430786, 3.009941577911377, 3.054861545562744, 3.098667860031128, 3.1442439556121826, 3.1887173652648926, 3.2336597442626953, 3.2779293060302734, 3.3223190307617188, 3.367403268814087, 3.4122097492218018, 3.4558727741241455, 3.5008163452148438, 3.545902729034424, 3.5901925563812256, 3.634249210357666, 3.6791183948516846, 3.723127603530884, 3.767559766769409, 3.8116142749786377, 3.856356620788574, 3.9004135131835938, 3.9459893703460693, 3.990769624710083, 4.035759449005127, 4.079646110534668, 4.124512434005737, 4.169404983520508, 4.214120626449585, 4.258110284805298, 4.3028483390808105, 4.34776759147644, 4.391811847686768, 4.435429573059082, 4.481099605560303, 4.526167869567871, 4.569807052612305, 4.613612413406372, 4.658005475997925, 4.703062534332275, 4.746870040893555, 4.791119813919067, 4.836267709732056, 4.880753755569458, 4.9237658977508545, 4.968074560165405, 5.01281213760376], "x": [-3.631, -9.881, -9.954, -10.028, -10.099, -10.179, -10.264, -10.334, -10.397, -10.441, -10.469, -10.491, -10.494, -10.471, -10.445, -10.418, -10.382, -10.371, -10.303, -10.267, -10.217, -10.16, -10.097, -10.022, -9.938, -9.85, -9.767, -9.673, -9.585, -9.491, -9.393, -9.297, -9.206, -9.104, -8.987, -8.947, -8.709, -8.558, -8.43, -8.292, -8.176, -8.068, -7.949, -7.834, -7.718, -7.606, -7.507, -7.395, -7.286, -7.17, -7.046, -6.947, -6.876, -6.794, -6.685, -6.582, -6.507, -6.444, -6.392, -6.348, -6.305, -6.287, -6.204, -6.175, -6.191, -6.255, -6.377, -6.468, -6.562, -6.693, -6.821, -6.951, -6.983, -7.168, -7.288, -7.443, -7.62, -7.839, -8.102, -8.284, -8.414, -8.574, -8.723, -8.91, -9.026, -9.12, -9.197, -9.252, -9.312, -9.473, -9.572, -9.605, -9.619, -9.562, -9.444, -9.309, -9.179, -9.003, -8.828, -8.691, -8.534, -8.383, -8.238, -8.084, -7.889, -7.622, -7.333, -7.042, -6.836, -6.683, -6.578, -6.637, -6.77, -7.006, -7.177, -7.405, -7.548, -7.658, -7.705, -7.879, -7.997, -8.175, -8.379, -8.573, -8.754, -8.954, -9.128, -9.281, -9.317, -9.447, -9.589, -9.606, -9.602, -9.628], "y": [-2.171, -2.216, -2.236, -2.251, -2.286, -2.3, -2.3, -2.322, -2.318, -2.283, -2.255, -2.208, -2.117, -2.068, -1.99, -1.889, -1.774, -1.677, -1.582, -1.518, -1.459, -1.362, -1.272, -1.17, -1.049, -0.979, -0.924, -0.87, -0.847, -0.812, -0.746, -0.736, -0.715, -0.678, -0.706, -0.7, -0.644, -0.641, -0.619, -0.568, -0.597, -0.635, -0.604, -0.615, -0.638, -0.646, -0.72, -0.791, -0.834, -0.923, -0.964, -1.024, -1.115, -1.145, -1.219, -1.304, -1.318, -1.366, -1.444, -1.494, -1.63, -1.802, -1.892, -2.009, -2.157, -2.301, -2.551, -2.602, -2.672, -2.746, -2.686, -2.65, -2.683, -2.637, -2.606, -2.581, -2.337, -2.238, -2.066, -1.972, -1.907, -1.736, -1.626, -1.598, -1.494, -1.541, -1.436, -1.372, -1.367, -1.225, -1.165, -0.939, -0.778, -0.642, -0.635, -0.663, -0.705, -0.723, -0.761, -0.906, -1.004, -1.154, -1.201, -1.346, -1.433, -1.707, -1.815, -1.989, -2.026, -2.168, -2.238, -2.284, -2.274, -2.146, -2.144, -2.22, -2.329, -2.338, -2.386, -2.383, -2.445, -2.378, -2.319, -2.29, -2.35, -2.345, -2.41, -2.364, -2.39, -2.426, -2.531, -2.525, -2.5, -2.45], "z": [37.0, 36.9, 36.8, 37.2, 37.8, 38.6, 37.9, 37.9, 37.9, 41.0, 41.9, 42.9, 44.4, 45.0, 46.4, 47.6, 48.2, 50.2, 50.2, 51.8, 52.3, 54.3, 56.3, 58.4, 59.2, 60.1, 63.0, 64.2, 66.4, 64.4, 68.3, 69.6, 73.3, 72.8, 72.7, 72.1, 77.3, 77.6, 82.5, 79.4, 81.5, 83.5, 88.2, 85.0, 88.3, 94.0, 93.9, 93.9, 94.1, 95.4, 97.9, 100.3, 102.6, 106.1, 105.9, 102.5, 108.7, 113.9, 113.9, 115.2, 113.2, 113.4, 110.4, 122.8, 113.997, 115.588, 123.8, 121.9, 119.7, 126.1, 117.8, 135.3, 129.3, 132.0, 131.7, 130.386, 132.496, 134.536, 136.1, 133.7, 145.6, 148.0, 142.24, 144.181, 145.063, 164.1, 164.1, 151.2, 152.517, 154.324, 156.341, 158.277, 160.2, 161.948, 163.64, 165.528, 167.216, 168.982, 169.444, 172.464, 174.23, 175.988, 177.86, 179.541, 180.461, 183.134, 185.013, 186.812, 188.576, 190.303, 192.026, 193.778, 195.407, 197.092, 198.957, 200.733, 202.544, 204.292, 205.956, 207.46, 209.16, 210.965, 212.588, 213.422, 215.748, 217.485, 219.192, 220.753, 222.272, 223.719, 225.189, 226.497, 227.974, 229.504]}