{
    "angle": 0,
    "throttle": 10,
    "move_time": 5,
    "times": [
        3.814697265625e-06,
        0.03271603584289551,
        0.06570267677307129,
        0.09831833839416504,
        0.1311042308807373,
        0.1650393009185791,
        0.19840359687805176,
        0.23189926147460938,
        0.26452088356018066,
        0.2975735664367676,
        0.33036088943481445,
        0.3632628917694092,
        0.3976478576660156,
        0.43048620223999023,
        0.4638242721557617,
        0.4967668056488037,
        0.5297646522521973,
        0.5630989074707031,
        0.5970523357391357,
        0.6310911178588867,
        0.6641783714294434,
        0.6976778507232666,
        0.7308855056762695,
        0.7643108367919922,
        0.7966916561126709,
        0.8299877643585205,
        0.8628528118133545,
        0.8966002464294434,
        0.9302773475646973,
        0.9641976356506348,
        0.9979977607727051,
        1.0303969383239746,
        1.0626802444458008,
        1.0956199169158936,
        1.1291389465332031,
        1.1622393131256104,
        1.1955101490020752,
        1.2290616035461426,
        1.2621276378631592,
        1.2948436737060547,
        1.328589916229248,
        1.3619751930236816,
        1.3945906162261963,
        1.4276204109191895,
        1.460923671722412,
        1.4943106174468994,
        1.5277230739593506,
        1.5605676174163818,
        1.594348669052124,
        1.6279444694519043,
        1.6613132953643799,
        1.6943790912628174,
        1.7277305126190186,
        1.7609074115753174,
        1.7945964336395264,
        1.8280971050262451,
        1.8613483905792236,
        1.8946022987365723,
        1.9286201000213623,
        1.9621655941009521,
        1.9950087070465088,
        2.028134346008301,
        2.061490535736084,
        2.0942578315734863,
        2.1282894611358643,
        2.16184139251709,
        2.1951711177825928,
        2.228811502456665,
        2.262436628341675,
        2.2957656383514404,
        2.3296096324920654,
        2.3636157512664795,
        2.396512269973755,
        2.4306371212005615,
        2.463648796081543,
        2.4973366260528564,
        2.530550956726074,
        2.5641651153564453,
        2.5976226329803467,
        2.6304092407226562,
        2.6643221378326416,
        2.6969680786132812,
        2.7307424545288086,
        2.764439105987549,
        2.7980008125305176,
        2.8307881355285645,
        2.864431381225586,
        2.897613048553467,
        2.930354118347168,
        2.963463306427002,
        2.9964025020599365,
        3.030013084411621,
        3.0627799034118652,
        3.096142292022705,
        3.129795789718628,
        3.163999080657959,
        3.1976819038391113,
        3.231672763824463,
        3.2667012214660645,
        3.299957275390625,
        3.333496332168579,
        3.366854190826416,
        3.4012298583984375,
        3.4343960285186768,
        3.4671149253845215,
        3.500504970550537,
        3.5335030555725098,
        3.5668983459472656,
        3.5989480018615723,
        3.6318509578704834,
        3.6653013229370117,
        3.698735237121582,
        3.7326107025146484,
        3.7656822204589844,
        3.7994072437286377,
        3.8328375816345215,
        3.8657119274139404,
        3.8990731239318848,
        3.9319100379943848,
        3.965859889984131,
        3.9996933937072754,
        4.032867908477783,
        4.066695928573608,
        4.1000988483428955,
        4.132976531982422,
        4.166188955307007,
        4.200794696807861,
        4.2334229946136475,
        4.266432285308838,
        4.3008809089660645,
        4.334302663803101,
        4.368635416030884,
        4.401758909225464,
        4.4349164962768555,
        4.469134569168091,
        4.502080202102661,
        4.535322189331055,
        4.569021224975586,
        4.602021217346191,
        4.634977579116821,
        4.669503211975098,
        4.702326536178589,
        4.735245704650879,
        4.768142461776733,
        4.801361560821533,
        4.834479093551636,
        4.868520736694336,
        4.902571439743042,
        4.936805248260498,
        4.969889163970947,
        5.003371000289917
    ],
    "x": [
        -1.003,
        -6.419,
        -6.499,
        -6.526,
        -6.526,
        -6.753,
        -6.786,
        -6.786,
        -7.063,
        -7.103,
        -7.287,
        -7.287,
        -7.529,
        -7.529,
        -7.761,
        -7.761,
        -7.761,
        -7.761,
        -8.205,
        -8.205,
        -8.205,
        -8.205,
        -8.554,
        -8.652,
        -8.736,
        -8.763,
        -8.854,
        -8.892,
        -8.933,
        -8.972,
        -9.017,
        -9.059,
        -9.095,
        -9.123,
        -9.128,
        -9.128,
        -9.121,
        -9.109,
        -9.098,
        -9.081,
        -9.059,
        -9.038,
        -9.012,
        -8.984,
        -8.953,
        -8.911,
        -8.862,
        -8.821,
        -8.781,
        -8.744,
        -8.713,
        -8.667,
        -8.596,
        -8.572,
        -8.429,
        -8.351,
        -8.278,
        -8.193,
        -8.105,
        -8.105,
        -7.956,
        -7.884,
        -7.828,
        -7.77,
        -7.705,
        -7.631,
        -7.554,
        -7.473,
        -7.382,
        -7.3,
        -7.222,
        -7.137,
        -7.067,
        -7.007,
        -6.988,
        -6.868,
        -6.817,
        -6.765,
        -6.718,
        -6.689,
        -6.666,
        -6.647,
        -6.632,
        -6.601,
        -6.553,
        -6.523,
        -6.524,
        -6.536,
        -6.556,
        -6.601,
        -6.665,
        -6.728,
        -6.785,
        -6.867,
        -6.954,
        -7.043,
        -7.117,
        -7.16,
        -7.201,
        -7.247,
        -7.302,
        -7.356,
        -7.419,
        -7.472,
        -7.548,
        -7.581,
        -7.714,
        -7.764,
        -7.803,
        -7.82,
        -7.833,
        -7.848,
        -7.855,
        -7.817,
        -7.715,
        -7.604,
        -7.479,
        -7.333,
        -7.182,
        -7.054,
        -6.945,
        -6.859,
        -6.786,
        -6.709,
        -6.636,
        -6.564,
        -6.476,
        -6.379,
        -6.282,
        -6.197,
        -6.084,
        -5.975,
        -5.87,
        -5.765,
        -5.672,
        -5.575,
        -5.474,
        -5.369,
        -5.263,
        -5.158,
        -5.041,
        -4.944,
        -4.852,
        -4.773,
        -4.692,
        -4.671,
        -4.565,
        -4.511,
        -4.467,
        -4.434,
        -4.396
    ],