{
    "angle": 40,
    "throttle": 20,
    "move_time": 5,
    "times": [
        2.86102294921875e-06,
        0.032437801361083984,
        0.06601881980895996,
        0.09890365600585938,
        0.13170123100280762,
        0.1649024486541748,
        0.19791460037231445,
        0.23071646690368652,
        0.2637612819671631,
        0.29605984687805176,
        0.32971715927124023,
        0.3624441623687744,
        0.39548635482788086,
        0.42888712882995605,
        0.46192240715026855,
        0.49570226669311523,
        0.5293459892272949,
        0.5629673004150391,
        0.5954880714416504,
        0.6285700798034668,
        0.6614024639129639,
        0.6955575942993164,
        0.7283082008361816,
        0.7620885372161865,
        0.7950551509857178,
        0.8287897109985352,
        0.8612346649169922,
        0.8949496746063232,
        0.9277760982513428,
        0.9613828659057617,
        0.9945218563079834,
        1.0273046493530273,
        1.0602777004241943,
        1.0927143096923828,
        1.1257603168487549,
        1.1588308811187744,
        1.191258430480957,
        1.2235865592956543,
        1.2567942142486572,
        1.2902910709381104,
        1.324026107788086,
        1.3579871654510498,
        1.3903999328613281,
        1.4231798648834229,
        1.4559881687164307,
        1.4885566234588623,
        1.5213916301727295,
        1.5538408756256104,
        1.587479591369629,
        1.6197943687438965,
        1.6534767150878906,
        1.686746597290039,
        1.7196145057678223,
        1.7524163722991943,
        1.7848424911499023,
        1.8187592029571533,
        1.8511667251586914,
        1.8835792541503906,
        1.9171876907348633,
        1.9509382247924805,
        1.9845376014709473,
        2.0187649726867676,
        2.051741123199463,
        2.086475372314453,
        2.1197211742401123,
        2.15301775932312,
        2.1867048740386963,
        2.21926212310791,
        2.252082109451294,
        2.2851932048797607,
        2.317575216293335,
        2.3504743576049805,
        2.38308048248291,
        2.417186737060547,
        2.450417995452881,
        2.482748508453369,
        2.5162665843963623,
        2.549431562423706,
        2.582693576812744,
        2.6162662506103516,
        2.6495625972747803,
        2.682825803756714,
        2.7152886390686035,
        2.748208999633789,
        2.7814269065856934,
        2.815779447555542,
        2.8490307331085205,
        2.8826756477355957,
        2.9152634143829346,
        2.9478707313537598,
        2.981790065765381,
        3.015549421310425,
        3.048501968383789,
        3.083327054977417,
        3.1167681217193604,
        3.1502411365509033,
        3.1829147338867188,
        3.215912103652954,
        3.2493703365325928,
        3.282289743423462,
        3.3152334690093994,
        3.348116159439087,
        3.3803040981292725,
        3.41279935836792,
        3.445235252380371,
        3.477888345718384,
        3.51013445854187,
        3.542186975479126,
        3.57444429397583,
        3.6069424152374268,
        3.6388752460479736,
        3.6720144748687744,
        3.704245090484619,
        3.7363765239715576,
        3.7690670490264893,
        3.80163836479187,
        3.8344178199768066,
        3.8687267303466797,
        3.901005268096924,
        3.9448370933532715,
        3.9888269901275635,
        4.021747589111328,
        4.054863691329956,
        4.087483644485474,
        4.119656085968018,
        4.15308690071106,
        4.186460256576538,
        4.220165014266968,
        4.253812074661255,
        4.286393165588379,
        4.319247484207153,
        4.352515459060669,
        4.385980129241943,
        4.4192118644714355,
        4.452339172363281,
        4.486306190490723,
        4.531444787979126,
        4.575463771820068,
        4.619802713394165,
        4.653358697891235,
        4.6974310874938965,
        4.740931272506714,
        4.773595333099365,
        4.8086113929748535,
        4.841541767120361,
        4.875385999679565,
        4.9084696769714355,
        4.941745758056641,
        4.975645303726196,
        5.0090649127960205
    ],
    "x": [
        -0.528,
        16.108,
        15.983,
        15.956,
        15.942,
        15.916,
        15.932,
        16.01,
        16.165,
        16.381,
        16.7,
        17.069,
        17.524,
        18.041,
        18.669,
        19.355,
        20.122,
        20.917,
        21.814,
        22.743,
        23.723,
        24.877,
        25.978,
        27.206,
        28.358,
        29.72,
        31.02,
        32.406,
        33.864,
        35.227,
        36.669,
        38.096,
        39.575,
        40.97,
        42.515,
        43.955,
        45.424,
        47.006,
        47.446,
        50.17,
        51.836,
        53.495,
        55.087,
        56.703,
        58.383,
        59.999,
        61.599,
        63.253,
        64.936,
        66.497,
        68.145,
        69.772,
        71.494,
        73.138,
        73.689,
        76.66,
        78.371,
        80.207,
        81.876,
        83.659,
        84.292,
        87.166,
        88.906,
        90.658,
        92.39,
        93.984,
        95.654,
        97.189,
        98.827,
        100.416,
        102.067,
        103.642,
        105.264,
        106.98,
        108.727,
        110.384,
        112.132,
        113.823,
        114.441,
        117.264,
        118.984,
        120.615,
        120.615,
        123.864,
        125.388,
        127.035,
        128.512,
        130.064,
        131.468,
        133.025,
        133.025,
        136.066,
        137.53,
        139.076,
        140.592,
        142.108,
        142.556,
        145.041,
        146.514,
        148.071,
        149.5,
        151.091,
        152.566,
        154.02,
        155.513,
        157.049,
        158.494,
        159.958,
        161.34,
        162.834,
        163.27,
        165.854,
        167.331,
        168.797,
        170.315,
        171.951,
        173.417,
        175.033,
        176.566,
        178.615,
        180.507,
        181.882,
        183.068,
        184.26,
        185.473,
        186.596,
        187.812,
        189.048,
        190.282,
        191.54,
        191.914,
        194.228,
        194.762,
        197.055,
        198.527,
        200.051,
        201.959,
        203.851,
        205.596,
        206.886,
        208.627,
        210.297,
        211.533,
        212.873,
        214.165,
        215.56,
        217.058,
        218.558,
        219.999,
        221.361
    ],