{
    "angle": 10,
    "throttle": 10,
    "move_time": 2,
    "times": [
        5.245208740234375e-06,
        0.032499074935913086,
        0.0658867359161377,
        0.09914565086364746,
        0.13198399543762207,
        0.16482973098754883,
        0.19859766960144043,
        0.2313976287841797,
        0.2646455764770508,
        0.297771692276001,
        0.33090949058532715,
        0.36486101150512695,
        0.3988046646118164,
        0.43270277976989746,
        0.46633481979370117,
        0.5000121593475342,
        0.5336847305297852,
        0.567347526550293,
        0.600933313369751,
        0.6353998184204102,
        0.6685116291046143,
        0.7015550136566162,
        0.7350449562072754,
        0.7682778835296631,
        0.8022594451904297,
        0.835080623626709,
        0.868051290512085,
        0.901555061340332,
        0.9351601600646973,
        0.9681923389434814,
        1.0010676383972168,
        1.0337293148040771,
        1.0661511421203613,
        1.0986711978912354,
        1.1323983669281006,
        1.1654999256134033,
        1.198756456375122,
        1.232172966003418,
        1.2648861408233643,
        1.2979850769042969,
        1.3318326473236084,
        1.3655269145965576,
        1.3993923664093018,
        1.4325368404388428,
        1.4661507606506348,
        1.4991850852966309,
        1.533761739730835,
        1.5678610801696777,
        1.6014535427093506,
        1.6356465816497803,
        1.6696696281433105,
        1.7031939029693604,
        1.7362847328186035,
        1.7697713375091553,
        1.803032636642456,
        1.8368394374847412,
        1.870417594909668,
        1.904700756072998,
        1.9378690719604492,
        1.9715614318847656,
        2.004812002182007
    ],
    "x": [
        -1.173,
        -2.004,
        -2.032,
        -2.061,
        -2.079,
        -2.085,
        -2.082,
        -2.088,
        -2.077,
        -2.057,
        -2.025,
        -1.974,
        -1.911,
        -1.839,
        -1.752,
        -1.637,
        -1.501,
        -1.359,
        -1.225,
        -1.072,
        -0.932,
        -0.771,
        -0.58,
        -0.37,
        -0.182,
        0.203,
        0.515,
        0.882,
        1.271,
        1.642,
        2.052,
        2.441,
        2.819,
        3.222,
        3.64,
        4.053,
        4.469,
        4.901,
        5.321,
        5.735,
        6.177,
        6.619,
        6.916,
        7.511,
        7.969,
        8.446,
        8.912,
        9.369,
        9.839,
        10.317,
        10.789,
        11.266,
        11.716,
        12.184,
        12.632,
        13.113,
        13.586,
        14.06,
        14.547,
        15.023,
        15.335
    ],
    "y": [
        -9.274,
        -9.219,
        -9.136,
        -9.081,
        -9.031,
        -8.959,
        -8.91,
        -8.878,
        -8.846,
        -8.826,
        -8.797,
        -8.739,
        -8.692,
        -8.648,
        -8.606,
        -8.589,
        -8.552,
        -8.533,
        -8.54,
        -8.537,
        -8.548,
        -8.57,
        -8.555,
        -8.522,
        -8.46,
        -8.363,
        -8.27,
        -8.176,
        -8.07,
        -7.993,
        -7.93,
        -7.869,
        -7.848,
        -7.831,
        -7.801,
        -7.795,
        -7.775,
        -7.753,
        -7.736,
        -7.7,
        -7.664,
        -7.623,
        -7.566,
        -7.514,
        -7.467,
        -7.412,
        -7.371,
        -7.333,
        -7.296,
        -7.282,
        -7.259,
        -7.246,
        -7.251,
        -7.228,
        -7.212,
        -7.201,
        -7.161,
        -7.142,
        -7.119,
        -7.078,
        -7.063
    ],
    "z": [
        49.417,
        49.404,
        49.475,
        49.485,
        49.402,
        49.486,
        49.476,
        49.476,
        49.448,
        49.559,
        49.744,
        49.902,
        50.07,
        50.285,
        50.585,
        50.699,
        50.958,
        51.186,
        51.535,
        51.705,
        51.961,
        52.219,
        52.553,
        52.825,
        53.109,
        53.398,
        53.685,
        53.972,
        54.265,
        54.559,
        54.834,
        55.151,
        55.561,
        55.772,
        56.075,
        56.399,
        56.726,
        57.05,
        57.375,
        57.72,
        58.113,
        58.505,
        58.783,
        59.096,
        59.398,
        59.679,
        59.944,
        60.196,
        60.467,
        60.698,
        60.968,
        61.197,
        61.439,
        61.746,
        62.007,
        62.266,
        62.63,
        62.826,
        63.069,
        63.33,
        63.651
    ]
}