{
    "angle": 30,
    "throttle": 10,
    "move_time": 5,
    "times": [
        3.0994415283203125e-06,
        0.03270912170410156,
        0.06522655487060547,
        0.09807991981506348,
        0.1314711570739746,
        0.1644420623779297,
        0.19870638847351074,
        0.23163485527038574,
        0.2649247646331787,
        0.29834818840026855,
        0.3319056034088135,
        0.36580848693847656,
        0.3991267681121826,
        0.4326155185699463,
        0.4655272960662842,
        0.4994544982910156,
        0.5325572490692139,
        0.5668108463287354,
        0.600506067276001,
        0.6334631443023682,
        0.6664361953735352,
        0.699739933013916,
        0.7327530384063721,
        0.7656686305999756,
        0.7991676330566406,
        0.8322253227233887,
        0.8652095794677734,
        0.898853063583374,
        0.9315600395202637,
        0.966008186340332,
        0.9992952346801758,
        1.032897710800171,
        1.0655632019042969,
        1.099743366241455,
        1.133537769317627,
        1.1672570705413818,
        1.199852466583252,
        1.233609676361084,
        1.2671027183532715,
        1.3013944625854492,
        1.335313320159912,
        1.3689234256744385,
        1.4019739627838135,
        1.434784173965454,
        1.4696002006530762,
        1.5030689239501953,
        1.5367043018341064,
        1.5692377090454102,
        1.602431297302246,
        1.635664701461792,
        1.6685290336608887,
        1.7014665603637695,
        1.734252691268921,
        1.7673265933990479,
        1.8007838726043701,
        1.833749532699585,
        1.8670365810394287,
        1.9003865718841553,
        1.933565616607666,
        1.9666221141815186,
        2.000135898590088,
        2.0342938899993896,
        2.0671615600585938,
        2.1004927158355713,
        2.1331849098205566,
        2.1659255027770996,
        2.201181173324585,
        2.234896421432495,
        2.2696332931518555,
        2.3032853603363037,
        2.3371541500091553,
        2.370715856552124,
        2.403684139251709,
        2.437190294265747,
        2.470827102661133,
        2.504594564437866,
        2.538191318511963,
        2.572098731994629,
        2.6054253578186035,
        2.6378538608551025,
        2.6706273555755615,
        2.704036235809326,
        2.7370738983154297,
        2.7706873416900635,
        2.803562879562378,
        2.837764263153076,
        2.870286703109741,
        2.9031178951263428,
        2.9362356662750244,
        2.9689619541168213,
        3.0023975372314453,
        3.035212993621826,
        3.068193197250366,
        3.1013987064361572,
        3.1341588497161865,
        3.1672511100769043,
        3.200528621673584,
        3.2334492206573486,
        3.266813039779663,
        3.3005669116973877,
        3.334397792816162,
        3.3674609661102295,
        3.4011144638061523,
        3.4341840744018555,
        3.467437505722046,
        3.5005345344543457,
        3.5328593254089355,
        3.566152334213257,
        3.6003799438476562,
        3.6331496238708496,
        3.667605400085449,
        3.7006640434265137,
        3.73362398147583,
        3.7672770023345947,
        3.810443162918091,
        3.854940176010132,
        3.8897595405578613,
        3.9234273433685303,
        3.9560916423797607,
        3.9903743267059326,
        4.023597002029419,
        4.0563225746154785,
        4.088878631591797,
        4.121899843215942,
        4.154534816741943,
        4.18735146522522,
        4.220458745956421,
        4.253970623016357,
        4.28728723526001,
        4.3202924728393555,
        4.35378885269165,
        4.386401414871216,
        4.419924259185791,
        4.454134941101074,
        4.487195253372192,
        4.521025657653809,
        4.553827285766602,
        4.587580680847168,
        4.620887041091919,
        4.654764175415039,
        4.687728643417358,
        4.721843004226685,
        4.755795955657959,
        4.788954019546509,
        4.822422027587891,
        4.8550801277160645,
        4.888667106628418,
        4.921552419662476,
        4.95443320274353,
        4.987892150878906,
        5.020688772201538
    ],
    "x": [
        -3.038,
        -6.114,
        -6.176,
        -6.193,
        -6.196,
        -6.193,
        -6.173,
        -6.112,
        -5.986,
        -5.779,
        -5.703,
        -5.216,
        -4.857,
        -4.457,
        -4.063,
        -3.607,
        -3.1,
        -2.553,
        -1.96,
        -1.324,
        -0.622,
        0.069,
        0.848,
        1.068,
        2.382,
        3.165,
        3.992,
        4.826,
        5.631,
        6.477,
        7.329,
        8.208,
        9.026,
        9.901,
        10.231,
        11.715,
        12.555,
        13.473,
        14.373,
        15.275,
        16.243,
        17.209,
        18.106,
        19.12,
        19.12,
        19.12,
        22.065,
        22.986,
        23.943,
        24.878,
        25.88,
        26.808,
        27.789,
        28.809,
        29.833,
        30.848,
        31.9,
        32.935,
        33.956,
        35.014,
        35.014,
        35.014,
        38.146,
        39.188,
        40.233,
        41.256,
        42.403,
        43.532,
        44.653,
        45.765,
        46.916,
        47.262,
        49.155,
        50.316,
        51.466,
        52.59,
        53.657,
        54.81,
        55.943,
        57.008,
        58.149,
        59.197,
        60.33,
        61.451,
        62.458,
        63.535,
        64.544,
        65.59,
        66.593,
        67.644,
        68.601,
        69.656,
        70.625,
        71.631,
        72.627,
        73.643,
        74.65,
        75.652,
        76.716,
        77.771,
        78.884,
        79.91,
        80.966,
        82.018,
        83.138,
        84.245,
        85.309,
        86.332,
        87.408,
        88.506,
        89.587,
        90.671,
        91.747,
        92.859,
        94.289,
        95.714,
        96.831,
        97.199,
        98.978,
        99.37,
        101.158,
        102.176,
        103.24,
        104.22,
        105.312,
        106.306,
        107.356,
        108.384,
        109.444,
        110.446,
        111.561,
        112.584,
        113.686,
        114.837,
        115.972,
        117.115,
        117.115,
        119.365,
        120.462,
        121.603,
        122.657,
        123.785,
        124.95,
        126.097,
        127.162,
        128.349,
        129.519,
        130.595,
        131.684,
        132.807,
        133.947
    ],