{
    "angle": 30,
    "throttle": 30,
    "move_time": 5,
    "times": [
        5.245208740234375e-06,
        0.03284955024719238,
        0.06596946716308594,
        0.10009050369262695,
        0.13296198844909668,
        0.16628456115722656,
        0.19917654991149902,
        0.23276710510253906,
        0.2665379047393799,
        0.299452543258667,
        0.3331489562988281,
        0.3670036792755127,
        0.40104150772094727,
        0.4348611831665039,
        0.4694690704345703,
        0.5026483535766602,
        0.5352702140808105,
        0.5685572624206543,
        0.6018388271331787,
        0.6344525814056396,
        0.6673431396484375,
        0.7011339664459229,
        0.7339041233062744,
        0.7669157981872559,
        0.8002481460571289,
        0.8328423500061035,
        0.8658297061920166,
        0.8984391689300537,
        0.9316222667694092,
        0.9655261039733887,
        0.9985196590423584,
        1.0320744514465332,
        1.0649073123931885,
        1.0978350639343262,
        1.1310226917266846,
        1.1638250350952148,
        1.1967968940734863,
        1.229785442352295,
        1.2628898620605469,
        1.2962257862091064,
        1.329035758972168,
        1.3621656894683838,
        1.394932746887207,
        1.4286158084869385,
        1.4624857902526855,
        1.4964632987976074,
        1.5298044681549072,
        1.5636746883392334,
        1.5968825817108154,
        1.6300904750823975,
        1.6633820533752441,
        1.6961619853973389,
        1.7289707660675049,
        1.762132167816162,
        1.7951538562774658,
        1.829625129699707,
        1.863262414932251,
        1.8961715698242188,
        1.9289865493774414,
        1.962632656097412,
        1.9960846900939941,
        2.030529499053955,
        2.063814401626587,
        2.096710205078125,
        2.1307036876678467,
        2.164268732070923,
        2.1972458362579346,
        2.230968475341797,
        2.2643818855285645,
        2.2975685596466064,
        2.331181049346924,
        2.364283323287964,
        2.3973686695098877,
        2.430204391479492,
        2.474987268447876,
        2.519538402557373,
        2.5534863471984863,
        2.586235761642456,
        2.6200132369995117,
        2.6535747051239014,
        2.6873092651367188,
        2.732194662094116,
        2.776785135269165,
        2.8099608421325684,
        2.842892646789551,
        2.8760225772857666,
        2.920107841491699,
        2.9646222591400146,
        3.0082452297210693,
        3.0418102741241455,
        3.075317144393921,
        3.109358072280884,
        3.1428678035736084,
        3.175614595413208,
        3.209127426147461,
        3.2418510913848877,
        3.276165246963501,
        3.3095860481262207,
        3.342341423034668,
        3.3741719722747803,
        3.4068596363067627,
        3.441030979156494,
        3.4745161533355713,
        3.5073397159576416,
        3.5402135848999023,
        3.574110507965088,
        3.6069960594177246,
        3.639674663543701,
        3.673459053039551,
        3.7178781032562256,
        3.7620468139648438,
        3.806288719177246,
        3.8400683403015137,
        3.8739211559295654,
        3.9180219173431396,
        3.962711811065674,
        4.006817579269409,
        4.051847219467163,
        4.095828533172607,
        4.140485048294067,
        4.173288822174072,
        4.20694637298584,
        4.240523338317871,
        4.2846293449401855,
        4.328937768936157,
        4.373763799667358,
        4.417755603790283,
        4.462218523025513,
        4.505981922149658,
        4.551713228225708,
        4.596578359603882,
        4.640323877334595,
        4.685470819473267,
        4.730687379837036,
        4.774775743484497,
        4.819932222366333,
        4.863936185836792,
        4.907322645187378,
        4.951165437698364,
        4.996179580688477,
        5.040620565414429
    ],
    "x": [
        -3.721,
        -7.504,
        -7.469,
        -7.386,
        -7.29,
        -7.195,
        -7.085,
        -6.925,
        -6.714,
        -6.463,
        -6.128,
        -5.753,
        -5.349,
        -4.887,
        -4.714,
        -3.817,
        -3.23,
        -2.557,
        -1.892,
        -1.125,
        -0.396,
        0.386,
        1.189,
        2.045,
        2.906,
        3.75,
        4.597,
        5.52,
        6.428,
        7.384,
        8.366,
        9.34,
        10.37,
        11.364,
        12.432,
        13.447,
        14.569,
        15.65,
        16.799,
        17.995,
        19.132,
        20.234,
        21.457,
        22.67,
        23.88,
        25.105,
        26.249,
        27.459,
        28.71,
        29.876,
        31.078,
        32.249,
        33.491,
        34.625,
        35.877,
        37.094,
        38.276,
        39.464,
        40.568,
        41.712,
        42.787,
        43.949,
        44.959,
        46.06,
        47.177,
        48.303,
        49.384,
        50.546,
        51.709,
        52.799,
        53.989,
        55.166,
        56.258,
        57.434,
        58.941,
        60.412,
        61.564,
        62.706,
        63.773,
        64.943,
        66.111,
        67.701,
        69.22,
        70.351,
        71.526,
        72.671,
        74.215,
        75.853,
        77.415,
        78.549,
        79.843,
        81.108,
        82.327,
        83.51,
        84.756,
        85.894,
        87.205,
        88.486,
        89.744,
        90.917,
        92.196,
        93.394,
        94.652,
        95.818,
        97.027,
        98.2,
        99.408,
        100.535,
        101.743,
        103.32,
        104.817,
        106.331,
        107.319,
        108.411,
        109.822,
        111.252,
        112.64,
        114.051,
        115.49,
        116.93,
        117.984,
        119.05,
        120.051,
        121.386,
        122.675,
        123.956,
        125.284,
        126.621,
        128.069,
        129.617,
        130.755,
        132.649,
        134.184,
        135.759,
        137.197,
        138.582,
        139.899,
        141.088,
        142.217,
        143.309,
        144.331
    ],