{
    "angle": 50,
    "throttle": 50,
    "move_time": 5,
    "times": [
        5.0067901611328125e-06,
        0.033135414123535156,
        0.06586909294128418,
        0.09968328475952148,
        0.13478565216064453,
        0.16793060302734375,
        0.20092296600341797,
        0.23425555229187012,
        0.26707911491394043,
        0.30010294914245605,
        0.33287692070007324,
        0.36576247215270996,
        0.3987712860107422,
        0.43123292922973633,
        0.46390318870544434,
        0.4964630603790283,
        0.5293810367584229,
        0.562323808670044,
        0.5950527191162109,
        0.6275982856750488,
        0.6603329181671143,
        0.6933577060699463,
        0.726097583770752,
        0.7579622268676758,
        0.7909514904022217,
        0.8243048191070557,
        0.856330156326294,
        0.889765739440918,
        0.9216592311859131,
        0.9546732902526855,
        0.9874107837677002,
        1.0200674533843994,
        1.052668571472168,
        1.0857465267181396,
        1.1187002658843994,
        1.1516995429992676,
        1.1844654083251953,
        1.2174928188323975,
        1.2497460842132568,
        1.282794713973999,
        1.3158023357391357,
        1.3487935066223145,
        1.3814127445220947,
        1.4145104885101318,
        1.4473681449890137,
        1.4799952507019043,
        1.511916160583496,
        1.543675184249878,
        1.5751900672912598,
        1.6078226566314697,
        1.6405253410339355,
        1.6731038093566895,
        1.7052867412567139,
        1.7487046718597412,
        1.791477918624878,
        1.8244681358337402,
        1.8575313091278076,
        1.890831470489502,
        1.9235620498657227,
        1.9566524028778076,
        1.9886937141418457,
        2.022057056427002,
        2.0661563873291016,
        2.109659194946289,
        2.1416923999786377,
        2.1747705936431885,
        2.2078239917755127,
        2.240724563598633,
        2.273839235305786,
        2.306873083114624,
        2.3399906158447266,
        2.3732120990753174,
        2.4057276248931885,
        2.449507713317871,
        2.493436813354492,
        2.536471366882324,
        2.580732822418213,
        2.613720417022705,
        2.6462671756744385,
        2.679307222366333,
        2.7123029232025146,
        2.744570732116699,
        2.7772700786590576,
        2.808861255645752,
        2.8407416343688965,
        2.872612953186035,
        2.9044532775878906,
        2.936795234680176,
        2.9698331356048584,
        3.003706932067871,
        3.036515235900879,
        3.0805540084838867,
        3.124574661254883,
        3.1576764583587646,
        3.2006893157958984,
        3.244602918624878,
        3.288151502609253,
        3.331717014312744,
        3.3755850791931152,
        3.418759346008301,
        3.4624149799346924,
        3.5064783096313477,
        3.5502748489379883,
        3.594597816467285,
        3.638360023498535,
        3.6822848320007324,
        3.7268168926239014,
        3.7703537940979004,
        3.814749240875244,
        3.8590309619903564,
        3.903196334838867,
        3.946817636489868,
        3.9901974201202393,
        4.0339720249176025,
        4.078017234802246,
        4.1216721534729,
        4.165654182434082,
        4.209651947021484,
        4.253951787948608,
        4.297460556030273,
        4.341099977493286,
        4.384491443634033,
        4.428441047668457,
        4.471905946731567,
        4.515904426574707,
        4.559876918792725,
        4.604202032089233,
        4.648207902908325,
        4.691505432128906,
        4.734891891479492,
        4.778058052062988,
        4.822057008743286,
        4.865572214126587,
        4.909539461135864,
        4.953431129455566,
        4.997299671173096,
        5.0415284633636475
    ],
    "x": [
        -4.76,
        -9.71,
        -9.629,
        -9.466,
        -9.284,
        -9.091,
        -8.842,
        -8.512,
        -8.091,
        -7.625,
        -7.038,
        -6.445,
        -5.796,
        -5.043,
        -4.297,
        -3.462,
        -3.134,
        -1.55,
        -0.404,
        0.719,
        1.903,
        3.301,
        4.664,
        5.195,
        7.688,
        9.191,
        10.781,
        12.515,
        14.148,
        15.884,
        17.754,
        19.558,
        21.464,
        22.141,
        25.294,
        27.275,
        29.087,
        31.079,
        32.964,
        34.766,
        36.782,
        38.69,
        40.722,
        42.734,
        44.831,
        46.795,
        48.832,
        50.833,
        52.87,
        54.869,
        56.818,
        58.874,
        60.718,
        63.096,
        65.562,
        67.339,
        69.34,
        71.287,
        73.326,
        75.287,
        77.249,
        79.323,
        82.062,
        84.723,
        86.559,
        88.514,
        90.556,
        92.431,
        94.531,
        96.529,
        98.635,
        100.746,
        101.328,
        105.335,
        107.823,
        110.045,
        112.25,
        113.956,
        115.537,
        117.248,
        117.781,
        117.781,
        122.36,
        123.942,
        125.63,
        127.364,
        129.055,
        130.82,
        132.649,
        134.405,
        136.07,
        138.308,
        140.546,
        142.277,
        144.442,
        146.715,
        148.999,
        151.231,
        153.431,
        155.544,
        157.756,
        160.06,
        162.372,
        164.669,
        166.983,
        169.302,
        171.672,
        174.056,
        176.432,
        178.901,
        181.287,
        183.581,
        186.025,
        188.486,
        190.947,
        193.406,
        195.897,
        198.36,
        200.799,
        203.216,
        205.626,
        207.971,
        210.416,
        212.828,
        215.181,
        217.487,
        219.806,
        222.178,
        224.466,
        226.652,
        228.982,
        231.237,
        233.629,
        236.026,
        238.386,
        240.789,
        243.228
    ],