{
    "angle": 10,
    "throttle": 30,
    "move_time": 5,
    "times": [
        3.337860107421875e-06,
        0.03227043151855469,
        0.0650174617767334,
        0.09793233871459961,
        0.1308600902557373,
        0.1644439697265625,
        0.19864153861999512,
        0.23232579231262207,
        0.26540231704711914,
        0.2988417148590088,
        0.33220458030700684,
        0.36623191833496094,
        0.3992738723754883,
        0.43276453018188477,
        0.46557092666625977,
        0.4985229969024658,
        0.532041072845459,
        0.5653436183929443,
        0.5980570316314697,
        0.6309108734130859,
        0.66432785987854,
        0.6971805095672607,
        0.7300624847412109,
        0.7629776000976562,
        0.7962141036987305,
        0.8292765617370605,
        0.8626315593719482,
        0.8956725597381592,
        0.9285945892333984,
        0.9621293544769287,
        0.995147705078125,
        1.0272948741912842,
        1.059957504272461,
        1.0927009582519531,
        1.1256000995635986,
        1.1590585708618164,
        1.1921157836914062,
        1.2249584197998047,
        1.2580640316009521,
        1.2908060550689697,
        1.324204921722412,
        1.3576593399047852,
        1.3901619911193848,
        1.4235572814941406,
        1.457169532775879,
        1.4898626804351807,
        1.5235116481781006,
        1.5575237274169922,
        1.5908153057098389,
        1.6244468688964844,
        1.6584744453430176,
        1.6919994354248047,
        1.7255425453186035,
        1.7582335472106934,
        1.7915558815002441,
        1.8243567943572998,
        1.8572356700897217,
        1.8910634517669678,
        1.9239745140075684,
        1.956467628479004,
        1.9888782501220703,
        2.022590398788452,
        2.0563104152679443,
        2.08921217918396,
        2.123274803161621,
        2.1562180519104004,
        2.1890268325805664,
        2.2219550609588623,
        2.255727529525757,
        2.288837432861328,
        2.321403980255127,
        2.3549036979675293,
        2.387845754623413,
        2.4208593368530273,
        2.453904390335083,
        2.4871644973754883,
        2.51985239982605,
        2.5532069206237793,
        2.586272716522217,
        2.619166851043701,
        2.6522035598754883,
        2.6857147216796875,
        2.718430995941162,
        2.751953363418579,
        2.785435676574707,
        2.8185784816741943,
        2.8517613410949707,
        2.88438081741333,
        2.928213357925415,
        2.9731035232543945,
        3.006807804107666,
        3.0395944118499756,
        3.0733089447021484,
        3.1058287620544434,
        3.1389098167419434,
        3.172783136367798,
        3.2066192626953125,
        3.23946475982666,
        3.272503614425659,
        3.317044734954834,
        3.3608083724975586,
        3.393446922302246,
        3.4265151023864746,
        3.4592692852020264,
        3.492129325866699,
        3.5266575813293457,
        3.560401678085327,
        3.5944266319274902,
        3.6274349689483643,
        3.660431146621704,
        3.6936161518096924,
        3.727816104888916,
        3.760568380355835,
        3.794036865234375,
        3.826939821243286,
        3.860765218734741,
        3.8944082260131836,
        3.926819086074829,
        3.9595727920532227,
        3.992393970489502,
        4.026092529296875,
        4.059085130691528,
        4.092196464538574,
        4.124799728393555,
        4.168719530105591,
        4.213335275650024,
        4.256967067718506,
        4.301283597946167,
        4.34599232673645,
        4.389766216278076,
        4.433896541595459,
        4.477956056594849,
        4.521829128265381,
        4.566201448440552,
        4.609662055969238,
        4.642143726348877,
        4.687206506729126,
        4.731279611587524,
        4.775625228881836,
        4.819749593734741,
        4.86449122428894,
        4.9084107875823975,
        4.952578067779541,
        4.9970104694366455,
        5.0411376953125
    ],
    "x": [
        -3.534,
        -5.297,
        -5.311,
        -5.316,
        -5.309,
        -5.28,
        -5.237,
        -5.192,
        -5.154,
        -5.111,
        -5.053,
        -4.969,
        -4.869,
        -4.749,
        -4.706,
        -4.502,
        -4.355,
        -4.211,
        -4.037,
        -3.844,
        -3.612,
        -3.357,
        -3.034,
        -2.715,
        -2.372,
        -2.261,
        -1.649,
        -1.277,
        -0.918,
        -0.536,
        -0.177,
        0.172,
        0.535,
        0.876,
        1.226,
        1.539,
        1.88,
        2.175,
        2.469,
        2.754,
        3.039,
        3.305,
        3.577,
        3.89,
        3.989,
        4.606,
        4.969,
        5.33,
        5.704,
        6.098,
        6.474,
        6.846,
        7.201,
        7.515,
        7.84,
        8.133,
        8.406,
        8.698,
        8.992,
        9.276,
        9.582,
        9.903,
        10.012,
        10.481,
        10.759,
        11.038,
        11.315,
        11.607,
        11.903,
        12.188,
        12.464,
        12.772,
        13.102,
        13.403,
        13.728,
        14.045,
        14.388,
        14.722,
        15.067,
        15.382,
        15.51,
        16.108,
        16.468,
        16.848,
        17.176,
        17.504,
        17.854,
        18.176,
        18.619,
        19.057,
        19.393,
        19.7,
        19.997,
        20.313,
        20.672,
        21.139,
        21.642,
        22.081,
        22.521,
        22.985,
        23.394,
        23.671,
        23.952,
        24.265,
        24.646,
        25.038,
        25.425,
        25.872,
        26.265,
        26.684,
        27.058,
        27.37,
        27.648,
        27.986,
        28.321,
        28.434,
        28.96,
        29.271,
        29.583,
        29.883,
        30.205,
        30.492,
        30.841,
        31.185,
        31.672,
        32.09,
        32.534,
        32.985,
        33.415,
        33.826,
        34.189,
        34.511,
        34.818,
        35.111,
        35.483,
        35.789,
        36.28,
        36.792,
        37.294,
        37.774,
        38.254,
        38.661,
        39.066,
        39.464,
        39.759
    ],