{
    "angle": 20,
    "throttle": 20,
    "move_time": 5,
    "times": [
        5.0067901611328125e-06,
        0.03238677978515625,
        0.06496667861938477,
        0.09856986999511719,
        0.13190484046936035,
        0.16499733924865723,
        0.1983339786529541,
        0.23195528984069824,
        0.2656738758087158,
        0.2992820739746094,
        0.3325221538543701,
        0.36529994010925293,
        0.39886927604675293,
        0.4317476749420166,
        0.46526360511779785,
        0.49819350242614746,
        0.531355619430542,
        0.5645968914031982,
        0.5993204116821289,
        0.6323480606079102,
        0.6660077571868896,
        0.6990408897399902,
        0.733616828918457,
        0.7672693729400635,
        0.8014500141143799,
        0.8341965675354004,
        0.8670201301574707,
        0.9008054733276367,
        0.9347274303436279,
        0.9675562381744385,
        1.001079797744751,
        1.034013032913208,
        1.0668611526489258,
        1.0993623733520508,
        1.1336586475372314,
        1.1670386791229248,
        1.1998891830444336,
        1.232452630996704,
        1.2655315399169922,
        1.2993724346160889,
        1.3328971862792969,
        1.365600347518921,
        1.3990581035614014,
        1.4319233894348145,
        1.4658186435699463,
        1.4993417263031006,
        1.5330066680908203,
        1.565739631652832,
        1.599142074584961,
        1.6325595378875732,
        1.665522575378418,
        1.6990025043487549,
        1.7314229011535645,
        1.7651777267456055,
        1.7987236976623535,
        1.8313376903533936,
        1.8640549182891846,
        1.8973803520202637,
        1.9304625988006592,
        1.964359998703003,
        1.9974441528320312,
        2.0300185680389404,
        2.0637526512145996,
        2.097093343734741,
        2.1300594806671143,
        2.163257360458374,
        2.196249485015869,
        2.2308602333068848,
        2.263859272003174,
        2.298163414001465,
        2.33282208442688,
        2.3656582832336426,
        2.3993711471557617,
        2.43280291557312,
        2.4655025005340576,
        2.498887062072754,
        2.5317978858947754,
        2.565007209777832,
        2.5986976623535156,
        2.6317574977874756,
        2.6646323204040527,
        2.697859764099121,
        2.731217861175537,
        2.764486074447632,
        2.7978084087371826,
        2.8317575454711914,
        2.864643096923828,
        2.897782564163208,
        2.9309232234954834,
        2.9642369747161865,
        2.997497797012329,
        3.030485153198242,
        3.0641567707061768,
        3.097623109817505,
        3.1314778327941895,
        3.164793014526367,
        3.1991631984710693,
        3.23262619972229,
        3.265554428100586,
        3.310232400894165,
        3.353590250015259,
        3.398033618927002,
        3.4412102699279785,
        3.4847042560577393,
        3.5294549465179443,
        3.574143648147583,
        3.6079487800598145,
        3.6405248641967773,
        3.6740269660949707,
        3.7068943977355957,
        3.739581823348999,
        3.7734241485595703,
        3.806360960006714,
        3.8513171672821045,
        3.897139310836792,
        3.9303221702575684,
        3.964230537414551,
        3.9975807666778564,
        4.042661666870117,
        4.086636543273926,
        4.130915641784668,
        4.176578044891357,
        4.220930814743042,
        4.266253471374512,
        4.309961795806885,
        4.3430516719818115,
        4.376702308654785,
        4.410285234451294,
        4.4438371658325195,
        4.476895809173584,
        4.510288715362549,
        4.543683052062988,
        4.587631940841675,
        4.63200569152832,
        4.67688250541687,
        4.709954023361206,
        4.753847360610962,
        4.798527956008911,
        4.843531847000122,
        4.887675046920776,
        4.9211578369140625,
        4.965431451797485,
        5.009658336639404
    ],
    "x": [
        -7.507,
        -8.836,
        -8.862,
        -8.843,
        -8.812,
        -8.806,
        -8.777,
        -8.721,
        -8.632,
        -8.519,
        -8.39,
        -8.232,
        -8.033,
        -7.813,
        -7.563,
        -7.25,
        -7.151,
        -6.528,
        -6.108,
        -5.667,
        -5.201,
        -4.753,
        -4.225,
        -3.735,
        -3.203,
        -3.023,
        -3.023,
        -1.549,
        -0.974,
        -0.373,
        0.199,
        0.807,
        1.405,
        2.005,
        2.692,
        3.341,
        4.037,
        4.682,
        5.409,
        6.084,
        6.793,
        7.067,
        8.241,
        8.979,
        9.743,
        10.447,
        10.704,
        11.987,
        12.725,
        13.493,
        14.298,
        15.043,
        15.311,
        16.575,
        17.373,
        18.124,
        18.956,
        19.724,
        20.53,
        21.355,
        22.173,
        22.931,
        23.761,
        24.518,
        25.335,
        26.14,
        27.001,
        27.872,
        28.752,
        29.608,
        29.896,
        31.279,
        32.077,
        32.905,
        33.708,
        34.545,
        35.369,
        36.18,
        37.021,
        37.839,
        38.645,
        39.487,
        40.267,
        41.115,
        41.976,
        42.844,
        43.681,
        44.544,
        45.343,
        46.213,
        47.022,
        47.886,
        48.741,
        49.566,
        50.345,
        51.182,
        51.986,
        52.772,
        53.577,
        54.596,
        55.536,
        56.583,
        57.532,
        58.494,
        59.443,
        60.432,
        61.118,
        61.769,
        62.459,
        63.129,
        63.842,
        64.515,
        65.275,
        66.238,
        67.229,
        67.921,
        68.638,
        69.288,
        70.214,
        71.079,
        71.937,
        72.8,
        73.624,
        74.454,
        75.293,
        75.941,
        76.588,
        77.176,
        77.808,
        78.408,
        79.092,
        79.781,
        80.716,
        81.687,
        82.702,
        83.518,
        84.582,
        85.648,
        86.714,
        87.722,
        88.391,
        89.266,
        90.095
    ],