{
    "angle": 50,
    "throttle": 30,
    "move_time": 5,
    "times": [
        2.86102294921875e-06,
        0.03186488151550293,
        0.06469988822937012,
        0.09782195091247559,
        0.13061237335205078,
        0.16334199905395508,
        0.19673895835876465,
        0.22951745986938477,
        0.26227307319641113,
        0.2959887981414795,
        0.328688383102417,
        0.36159420013427734,
        0.39392566680908203,
        0.4281435012817383,
        0.4610788822174072,
        0.4941878318786621,
        0.5270533561706543,
        0.5605299472808838,
        0.5935568809509277,
        0.6278998851776123,
        0.6609640121459961,
        0.6947779655456543,
        0.7285141944885254,
        0.7618486881256104,
        0.7952489852905273,
        0.8277955055236816,
        0.8607029914855957,
        0.894012451171875,
        0.9266927242279053,
        0.9600472450256348,
        0.9936981201171875,
        1.0268537998199463,
        1.059943675994873,
        1.0932328701019287,
        1.1273579597473145,
        1.1609106063842773,
        1.1938140392303467,
        1.2275524139404297,
        1.2617323398590088,
        1.2947397232055664,
        1.327836036682129,
        1.361999273300171,
        1.396059513092041,
        1.429276943206787,
        1.4626655578613281,
        1.4964821338653564,
        1.5298867225646973,
        1.562798023223877,
        1.5965156555175781,
        1.6307079792022705,
        1.6641018390655518,
        1.6969704627990723,
        1.7296650409698486,
        1.7640399932861328,
        1.7967402935028076,
        1.8303804397583008,
        1.8630261421203613,
        1.8962197303771973,
        1.9289679527282715,
        1.9629745483398438,
        2.007199287414551,
        2.052290201187134,
        2.0847883224487305,
        2.118238687515259,
        2.150660753250122,
        2.183629274368286,
        2.2163901329040527,
        2.2497377395629883,
        2.2828385829925537,
        2.315678834915161,
        2.3509726524353027,
        2.383979558944702,
        2.4167613983154297,
        2.449624538421631,
        2.4824225902557373,
        2.5159196853637695,
        2.5510449409484863,
        2.585059642791748,
        2.6177303791046143,
        2.6503307819366455,
        2.6833810806274414,
        2.7171480655670166,
        2.7502946853637695,
        2.784010648727417,
        2.816725730895996,
        2.849329948425293,
        2.8823461532592773,
        2.9153056144714355,
        2.947934150695801,
        2.991621494293213,
        3.035649538040161,
        3.0701074600219727,
        3.103015422821045,
        3.1469368934631348,
        3.1908416748046875,
        3.236645221710205,
        3.2803750038146973,
        3.3135156631469727,
        3.3468778133392334,
        3.391209840774536,
        3.436466932296753,
        3.47015118598938,
        3.50313663482666,
        3.536609649658203,
        3.5808963775634766,
        3.62514328956604,
        3.6689231395721436,
        3.7132914066314697,
        3.7468390464782715,
        3.779831647872925,
        3.812995433807373,
        3.845473289489746,
        3.8889567852020264,
        3.934417247772217,
        3.9794399738311768,
        4.023848533630371,
        4.057075023651123,
        4.101501941680908,
        4.1450769901275635,
        4.189066648483276,
        4.234313011169434,
        4.267146348953247,
        4.2996132373809814,
        4.3438498973846436,
        4.387856483459473,
        4.43257999420166,
        4.4772398471832275,
        4.522575855255127,
        4.5557520389556885,
        4.6007914543151855,
        4.64536714553833,
        4.689511775970459,
        4.734419822692871,
        4.778871536254883,
        4.8228631019592285,
        4.867335081100464,
        4.911592721939087,
        4.944606304168701,
        4.978931188583374,
        5.0246946811676025
    ],
    "x": [
        -3.51,
        -5.061,
        -5.113,
        -5.084,
        -5.041,
        -5.038,
        -4.99,
        -4.857,
        -4.603,
        -4.276,
        -3.837,
        -3.346,
        -2.793,
        -2.076,
        -1.277,
        -0.413,
        0.505,
        1.572,
        2.633,
        3.887,
        5.185,
        6.514,
        7.928,
        9.306,
        10.775,
        12.242,
        13.832,
        15.32,
        15.937,
        18.596,
        20.3,
        22.115,
        23.811,
        25.619,
        27.531,
        29.418,
        31.16,
        33.143,
        35.145,
        37.13,
        39.059,
        41.089,
        43.056,
        45.065,
        47.12,
        49.215,
        51.233,
        53.44,
        55.652,
        56.323,
        60.043,
        62.274,
        64.347,
        66.568,
        68.716,
        70.841,
        72.822,
        72.822,
        76.702,
        78.691,
        81.081,
        83.329,
        84.937,
        85.429,
        88.538,
        90.487,
        92.569,
        94.551,
        96.667,
        98.568,
        100.723,
        102.683,
        103.38,
        106.675,
        108.716,
        110.558,
        112.657,
        114.665,
        116.436,
        118.303,
        120.069,
        121.839,
        123.589,
        125.274,
        127.027,
        128.696,
        130.469,
        132.094,
        133.737,
        135.796,
        137.694,
        139.171,
        140.745,
        142.753,
        144.681,
        146.68,
        148.545,
        149.892,
        151.533,
        153.614,
        155.781,
        157.369,
        159.201,
        161.067,
        162.829,
        165.817,
        168.017,
        170.147,
        171.873,
        173.59,
        175.435,
        177.255,
        179.599,
        181.983,
        184.266,
        186.487,
        188.216,
        190.546,
        192.827,
        195.058,
        197.372,
        199.001,
        200.667,
        202.974,
        205.182,
        207.432,
        209.657,
        211.998,
        213.609,
        216.092,
        218.436,
        220.796,
        223.326,
        225.114,
        228.226,
        230.666,
        233.078,
        235.009,
        237.035,
        239.074
    ],