{
    "angle": 10,
    "throttle": 40,
    "move_time": 5,
    "times": [
        4.76837158203125e-06,
        0.033400774002075195,
        0.06647348403930664,
        0.10033082962036133,
        0.13403582572937012,
        0.16759467124938965,
        0.2009427547454834,
        0.23424077033996582,
        0.267819881439209,
        0.30194568634033203,
        0.33466029167175293,
        0.36835312843322754,
        0.4014880657196045,
        0.4348311424255371,
        0.46856164932250977,
        0.5024209022521973,
        0.5359764099121094,
        0.5691001415252686,
        0.6023292541503906,
        0.6352670192718506,
        0.6696465015411377,
        0.7034549713134766,
        0.736858606338501,
        0.7710466384887695,
        0.8041603565216064,
        0.8367252349853516,
        0.869042158126831,
        0.9029066562652588,
        0.9361238479614258,
        0.9700422286987305,
        1.0036051273345947,
        1.0373516082763672,
        1.0702078342437744,
        1.1028633117675781,
        1.1359028816223145,
        1.1684281826019287,
        1.201249122619629,
        1.2348113059997559,
        1.2673189640045166,
        1.3012526035308838,
        1.3344378471374512,
        1.368095874786377,
        1.4014391899108887,
        1.4344291687011719,
        1.4679875373840332,
        1.5011327266693115,
        1.5342938899993896,
        1.5683295726776123,
        1.6024742126464844,
        1.6355829238891602,
        1.6683170795440674,
        1.7011399269104004,
        1.7343909740447998,
        1.7680349349975586,
        1.8006155490875244,
        1.8353846073150635,
        1.86965012550354,
        1.9031903743743896,
        1.9377481937408447,
        1.9711174964904785,
        2.004511833190918,
        2.0383715629577637,
        2.071913480758667,
        2.105517864227295,
        2.138489246368408,
        2.1713345050811768,
        2.20407772064209,
        2.2373409271240234,
        2.271627902984619,
        2.3050689697265625,
        2.338510751724243,
        2.372939109802246,
        2.406714677810669,
        2.4395675659179688,
        2.4736998081207275,
        2.518003225326538,
        2.562230110168457,
        2.606264352798462,
        2.6402149200439453,
        2.673276901245117,
        2.707023859024048,
        2.7405221462249756,
        2.7736239433288574,
        2.8062384128570557,
        2.8393349647521973,
        2.872194528579712,
        2.905064105987549,
        2.9380059242248535,
        2.971330165863037,
        3.0043373107910156,
        3.0372166633605957,
        3.070167303085327,
        3.1143507957458496,
        3.1590054035186768,
        3.1922762393951416,
        3.236640691757202,
        3.280472755432129,
        3.325080394744873,
        3.3692116737365723,
        3.4135069847106934,
        3.4583606719970703,
        3.503077268600464,
        3.547924041748047,
        3.5916543006896973,
        3.6370511054992676,
        3.6807992458343506,
        3.7254703044891357,
        3.768320083618164,
        3.8130526542663574,
        3.8566064834594727,
        3.900662899017334,
        3.9451146125793457,
        3.9783928394317627,
        4.022698163986206,
        4.067344665527344,
        4.11229681968689,
        4.156219244003296,
        4.199655532836914,
        4.243663311004639,
        4.287686109542847,
        4.332013845443726,
        4.376585245132446,
        4.4209067821502686,
        4.464486837387085,
        4.508344650268555,
        4.552207708358765,
        4.596264123916626,
        4.640100479125977,
        4.684394121170044,
        4.7289159297943115,
        4.774397850036621,
        4.819490432739258,
        4.862939357757568,
        4.907242774963379,
        4.952178478240967,
        4.996874570846558,
        5.040273666381836
    ],
    "x": [
        -4.98,
        -6.607,
        -6.677,
        -6.752,
        -6.829,
        -6.896,
        -6.958,
        -7.003,
        -7.014,
        -7.026,
        -7.002,
        -6.958,
        -6.907,
        -6.843,
        -6.765,
        -6.678,
        -6.678,
        -6.507,
        -6.409,
        -6.315,
        -6.2,
        -6.085,
        -5.963,
        -5.834,
        -5.687,
        -5.543,
        -5.498,
        -5.223,
        -5.026,
        -4.826,
        -4.623,
        -4.392,
        -4.156,
        -3.909,
        -3.637,
        -3.375,
        -3.094,
        -2.786,
        -2.492,
        -2.172,
        -1.86,
        -1.553,
        -1.276,
        -0.992,
        -0.892,
        -0.437,
        -0.172,
        0.091,
        0.191,
        0.615,
        0.869,
        1.13,
        1.408,
        1.69,
        1.957,
        2.267,
        2.576,
        2.88,
        3.211,
        3.538,
        3.904,
        4.254,
        4.351,
        4.923,
        5.287,
        5.611,
        5.978,
        6.309,
        6.425,
        6.94,
        7.232,
        7.506,
        7.788,
        8.059,
        8.362,
        8.762,
        9.161,
        9.543,
        9.871,
        10.217,
        10.67,
        10.833,
        11.47,
        11.813,
        12.134,
        12.47,
        12.797,
        13.171,
        13.482,
        13.784,
        14.071,
        14.395,
        14.861,
        15.362,
        15.769,
        16.337,
        16.885,
        17.401,
        17.917,
        18.391,
        18.82,
        19.22,
        19.582,
        19.872,
        20.201,
        20.559,
        20.964,
        21.4,
        21.896,
        22.326,
        22.703,
        23.056,
        23.347,
        23.695,
        24.059,
        24.455,
        24.789,
        25.124,
        25.535,
        25.919,
        26.298,
        26.673,
        27.099,
        27.543,
        27.989,
        28.474,
        28.967,
        29.439,
        29.814,
        30.081,
        30.678,
        31.064,
        31.487,
        31.887,
        32.278,
        32.648,
        32.98
    ],