{"angle": 0, "throttle": 30, "move_time": 5, "times": [3.5762786865234375e-06, 0.03196978569030762, 0.06421303749084473, 0.09749007225036621, 0.13042783737182617, 0.16341352462768555, 0.1964104175567627, 0.22875714302062988, 0.2622337341308594, 0.29505395889282227, 0.32863569259643555, 0.3619356155395508, 0.39543843269348145, 0.43006157875061035, 0.46273231506347656, 0.496906042098999, 0.5306868553161621, 0.5636160373687744, 0.5974397659301758, 0.6310546398162842, 0.6643755435943604, 0.6974451541900635, 0.7309317588806152, 0.7645273208618164, 0.7982625961303711, 0.8318862915039062, 0.8646085262298584, 0.8980519771575928, 0.9326291084289551, 0.9654819965362549, 0.9989144802093506, 1.0312204360961914, 1.06404447555542, 1.0968828201293945, 1.1308550834655762, 1.1643872261047363, 1.1982972621917725, 1.2318120002746582, 1.264681100845337, 1.2985203266143799, 1.3316376209259033, 1.3643743991851807, 1.3972206115722656, 1.4299237728118896, 1.4631242752075195, 1.495873212814331, 1.529900074005127, 1.5635886192321777, 1.5976595878601074, 1.6312408447265625, 1.6637115478515625, 1.6982333660125732, 1.7312846183776855, 1.7646796703338623, 1.7986972332000732, 1.83315110206604, 1.8663818836212158, 1.900568962097168, 1.9336936473846436, 1.9664130210876465, 1.999467134475708, 2.0328381061553955, 2.066774606704712, 2.099161386489868, 2.132324695587158, 2.165304660797119, 2.1990597248077393, 2.2317922115325928, 2.264732837677002, 2.298617124557495, 2.3325326442718506, 2.366095542907715, 2.399509906768799, 2.433657646179199, 2.46689510345459, 2.4998064041137695, 2.532890558242798, 2.5662569999694824, 2.599703311920166, 2.6326334476470947, 2.6666219234466553, 2.7005116939544678, 2.7340002059936523, 2.767913341522217, 2.800851345062256, 2.8338310718536377, 2.867635726928711, 2.9004602432250977, 2.94459867477417, 2.9883439540863037, 3.022594451904297, 3.0561423301696777, 3.0905601978302, 3.1345596313476562, 3.179347276687622, 3.2231268882751465, 3.256089448928833, 3.2899084091186523, 3.322805404663086, 3.366898536682129, 3.4114766120910645, 3.4561078548431396, 3.489586353302002, 3.5223653316497803, 3.5558059215545654, 3.5888917446136475, 3.6221015453338623, 3.6552090644836426, 3.6882050037384033, 3.7209064960479736, 3.753964424133301, 3.7875404357910156, 3.8213884830474854, 3.865356683731079, 3.9095959663391113, 3.9530653953552246, 3.9864683151245117, 4.019928932189941, 4.053499698638916, 4.086450099945068, 4.1321656703948975, 4.176368236541748, 4.209212303161621, 4.242422342300415, 4.27486777305603, 4.309384107589722, 4.353240966796875, 4.397960901260376, 4.441497564315796, 4.485757827758789, 4.530485153198242, 4.574413537979126, 4.619663715362549, 4.65231728553772, 4.696204423904419, 4.739720821380615, 4.783634185791016, 4.827193260192871, 4.860871076583862, 4.894498109817505, 4.939702272415161, 4.9837563037872314, 5.016432285308838], "x": [-3.578, -8.319, -8.429, -8.552, -8.656, -8.758, -8.856, -8.963, -9.066, -9.173, -9.275, -9.386, -9.484, -9.561, -9.626, -9.688, -9.744, -9.803, -9.818, -9.885, -9.905, -9.928, -9.957, -9.975, -9.994, -10.012, -10.043, -10.075, -10.094, -10.081, -10.053, -10.036, -10.032, -10.022, -10.003, -9.963, -9.944, -9.846, -9.742, -9.62, -9.495, -9.37, -9.244, -9.111, -8.97, -8.842, -8.715, -8.604, -8.509, -8.422, -8.326, -8.206, -8.078, -7.93, -7.874, -7.588, -7.449, -7.337, -7.239, -7.151, -7.067, -6.985, -6.918, -6.87, -6.833, -6.794, -6.763, -6.738, -6.723, -6.744, -6.789, -6.865, -6.898, -7.083, -7.218, -7.325, -7.425, -7.53, -7.635, -7.728, -7.809, -7.92, -8.045, -8.192, -8.342, -8.461, -8.568, -8.66, -8.794, -8.893, -8.957, -9.019, -9.102, -9.17, -9.195, -9.215, -9.221, -9.214, -9.193, -9.137, -9.05, -8.934, -8.852, -8.794, -8.749, -8.709, -8.682, -8.65, -8.608, -8.582, -8.59, -8.611, -8.635, -8.701, -8.815, -8.98, -9.066, -9.142, -9.252, -9.384, -9.539, -9.65, -9.682, -9.869, -9.977, -10.091, -10.249, -10.38, -10.575, -10.75, -10.919, -11.045, -11.189, -11.305, -11.492, -11.593, -11.628, -11.586, -11.532, -11.459, -11.237, -11.014, -10.883], "y": [-4.359, -10.622, -10.68, -10.731, -10.819, -10.889, -10.967, -11.027, -11.098, -11.173, -11.246, -11.333, -11.407, -11.466, -11.548, -11.629, -11.703, -11.786, -11.786, -11.922, -11.989, -12.037, -12.063, -12.114, -12.152, -12.181, -12.236, -12.268, -12.244, -12.199, -12.118, -12.012, -11.957, -11.843, -11.767, -11.72, -11.647, -11.586, -11.519, -11.415, -11.333, -11.241, -11.121, -11.001, -10.896, -10.803, -10.744, -10.685, -10.648, -10.614, -10.535, -10.442, -10.357, -10.238, -10.143, -10.025, -9.902, -9.803, -9.685, -9.573, -9.486, -9.378, -9.296, -9.198, -9.069, -8.977, -8.874, -8.784, -8.716, -8.606, -8.512, -8.44, -8.358, -8.294, -8.243, -8.191, -8.181, -8.172, -8.156, -8.158, -8.124, -8.086, -8.072, -8.062, -8.072, -8.079, -8.064, -8.056, -8.01, -7.968, -7.909, -7.83, -7.763, -7.637, -7.519, -7.408, -7.345, -7.261, -7.165, -7.062, -6.867, -6.708, -6.626, -6.52, -6.467, -6.404, -6.339, -6.312, -6.219, -6.13, -6.084, -6.018, -5.94, -5.765, -5.588, -5.456, -5.402, -5.411, -5.405, -5.411, -5.45, -5.458, -5.482, -5.491, -5.507, -5.544, -5.583, -5.644, -5.689, -5.725, -5.72, -5.712, -5.685, -5.633, -5.538, -5.437, -5.321, -5.272, -5.219, -5.144, -5.065, -4.987, -4.932], "z": [25.6, 25.7, 25.5, 26.2, 26.5, 26.5, 26.7, 27.1, 27.9, 28.7, 28.6, 28.9, 30.2, 30.6, 31.5, 31.9, 33.5, 34.9, 35.8, 36.8, 37.8, 39.3, 40.8, 41.1, 41.1, 41.1, 42.6, 45.2, 46.9, 46.8, 49.4, 48.9, 50.8, 50.8, 51.9, 53.6, 53.5, 55.1, 57.9, 57.2, 58.2, 57.6, 60.8, 59.5, 61.3, 64.1, 63.6, 64.9, 65.8, 68.6, 68.0, 68.1, 69.8, 70.2, 72.6, 71.0, 74.8, 73.2, 76.8, 76.8, 79.7, 77.7, 80.6, 79.8, 79.8, 77.3, 80.6, 83.2, 85.7, 85.7, 84.7, 86.7, 89.0, 86.4, 86.7, 87.8, 87.8, 92.3, 90.5, 90.7, 91.9, 89.0, 92.6, 93.7, 94.6, 95.9, 94.2, 98.442, 99.493, 103.8, 104.6, 99.7, 103.253, 104.048, 104.85, 103.2, 104.1, 105.9, 107.909, 108.818, 109.27, 112.8, 115.3, 106.3, 117.5, 117.5, 114.0, 114.0, 112.5, 119.1, 118.1, 116.5, 118.204, 119.21, 120.033, 118.8, 127.3, 128.2, 127.2, 123.898, 124.971, 132.2, 127.6, 127.5, 128.3, 128.99, 130.096, 131.258, 132.503, 133.777, 134.959, 136.321, 139.0, 138.563, 139.598, 140.575, 141.517, 147.8, 151.9, 144.025, 145.004, 143.9, 146.723]}