{
    "angle": 60,
    "throttle": 50,
    "move_time": 5,
    "times": [
        1.7642974853515625e-05,
        0.03261518478393555,
        0.0647883415222168,
        0.09770464897155762,
        0.1313765048980713,
        0.16430950164794922,
        0.19783616065979004,
        0.2316265106201172,
        0.2649214267730713,
        0.2983229160308838,
        0.33374857902526855,
        0.3667271137237549,
        0.39954090118408203,
        0.4325380325317383,
        0.4662957191467285,
        0.5000572204589844,
        0.5328402519226074,
        0.5662872791290283,
        0.5998585224151611,
        0.6327576637268066,
        0.665879487991333,
        0.6991524696350098,
        0.7329938411712646,
        0.7660441398620605,
        0.7990906238555908,
        0.8326542377471924,
        0.8652071952819824,
        0.8984620571136475,
        0.9310719966888428,
        0.9640250205993652,
        0.9970495700836182,
        1.0300426483154297,
        1.0639092922210693,
        1.0967042446136475,
        1.1305317878723145,
        1.1636419296264648,
        1.1964373588562012,
        1.2292470932006836,
        1.2624356746673584,
        1.2959449291229248,
        1.3293638229370117,
        1.362936019897461,
        1.3965873718261719,
        1.4304425716400146,
        1.474416971206665,
        1.518082618713379,
        1.5620536804199219,
        1.5948052406311035,
        1.628408670425415,
        1.661351203918457,
        1.6957879066467285,
        1.728827953338623,
        1.7623302936553955,
        1.7952930927276611,
        1.8284647464752197,
        1.8612470626831055,
        1.905421495437622,
        1.9497413635253906,
        1.9935832023620605,
        2.0374372005462646,
        2.0706658363342285,
        2.1042706966400146,
        2.1372218132019043,
        2.1713430881500244,
        2.2046408653259277,
        2.2376708984375,
        2.2716808319091797,
        2.3052895069122314,
        2.338090658187866,
        2.3715016841888428,
        2.405026435852051,
        2.4377408027648926,
        2.471071720123291,
        2.504460573196411,
        2.538095235824585,
        2.5718934535980225,
        2.6047606468200684,
        2.6380159854888916,
        2.671741247177124,
        2.7050414085388184,
        2.749411106109619,
        2.7932004928588867,
        2.836686134338379,
        2.8810386657714844,
        2.9249579906463623,
        2.9696412086486816,
        3.0141210556030273,
        3.0586023330688477,
        3.1040616035461426,
        3.1484243869781494,
        3.1935386657714844,
        3.2370636463165283,
        3.2700960636138916,
        3.314093828201294,
        3.358560562133789,
        3.4021105766296387,
        3.445932388305664,
        3.490957736968994,
        3.5350377559661865,
        3.5782618522644043,
        3.623187303543091,
        3.6678121089935303,
        3.7130978107452393,
        3.757657766342163,
        3.802295207977295,
        3.847025156021118,
        3.8907597064971924,
        3.9359490871429443,
        3.981125593185425,
        4.024682998657227,
        4.070155620574951,
        4.114799976348877,
        4.159063816070557,
        4.202876806259155,
        4.246768951416016,
        4.2911436557769775,
        4.335663080215454,
        4.3803322315216064,
        4.424029350280762,
        4.4685022830963135,
        4.5138630867004395,
        4.558483839035034,
        4.602847576141357,
        4.646578788757324,
        4.6910080909729,
        4.736350059509277,
        4.78080415725708,
        4.825609922409058,
        4.870976686477661,
        4.9156529903411865,
        4.961309194564819,
        5.004980087280273
    ],
    "x": [
        2.212,
        -1.935,
        -1.823,
        -1.634,
        -1.443,
        -1.289,
        -1.083,
        -0.76,
        -0.358,
        0.152,
        0.815,
        1.496,
        2.281,
        3.134,
        4.122,
        5.178,
        6.287,
        7.544,
        8.863,
        9.291,
        11.743,
        13.218,
        14.95,
        16.758,
        18.457,
        20.34,
        22.235,
        24.038,
        26.008,
        28.135,
        30.176,
        32.446,
        34.725,
        36.882,
        39.304,
        41.682,
        43.884,
        46.287,
        48.506,
        50.888,
        53.34,
        55.621,
        58.075,
        60.595,
        63.774,
        66.758,
        69.717,
        71.908,
        74.292,
        76.698,
        79.18,
        81.56,
        82.398,
        86.489,
        88.872,
        91.31,
        94.336,
        97.203,
        97.813,
        102.807,
        105.121,
        107.677,
        110.242,
        112.928,
        115.395,
        117.985,
        120.65,
        123.255,
        125.664,
        128.371,
        130.877,
        131.785,
        135.984,
        138.57,
        141.069,
        143.591,
        145.86,
        148.173,
        150.551,
        152.667,
        155.537,
        158.029,
        160.552,
        163.111,
        165.734,
        168.51,
        171.178,
        173.975,
        176.979,
        179.738,
        182.541,
        185.064,
        187.152,
        189.92,
        192.59,
        195.267,
        197.898,
        200.5,
        203.106,
        205.737,
        208.497,
        211.382,
        214.173,
        217.082,
        219.966,
        222.885,
        225.799,
        228.848,
        231.891,
        234.631,
        237.676,
        239.954,
        243.604,
        246.691,
        249.048,
        252.829,
        255.939,
        259.042,
        262.288,
        265.592,
        269.083,
        272.449,
        275.917,
        279.39,
        282.859,
        286.443,
        289.913,
        293.563,
        297.059,
        298.003,
        304.549,
        308.026
    ],