{
    "angle": 20,
    "throttle": 30,
    "move_time": 5,
    "times": [
        4.291534423828125e-06,
        0.032604217529296875,
        0.06577777862548828,
        0.09966015815734863,
        0.13286042213439941,
        0.16533398628234863,
        0.1987161636352539,
        0.23196721076965332,
        0.26542210578918457,
        0.29881811141967773,
        0.3317887783050537,
        0.364393949508667,
        0.39708614349365234,
        0.4297313690185547,
        0.46335339546203613,
        0.4958515167236328,
        0.5297122001647949,
        0.5626184940338135,
        0.5959935188293457,
        0.6290171146392822,
        0.6633458137512207,
        0.695993185043335,
        0.7291417121887207,
        0.7626898288726807,
        0.7964282035827637,
        0.8294327259063721,
        0.8628334999084473,
        0.8962609767913818,
        0.9291760921478271,
        0.9622962474822998,
        0.9951722621917725,
        1.0279150009155273,
        1.0602011680603027,
        1.0937151908874512,
        1.127270221710205,
        1.1608855724334717,
        1.1946616172790527,
        1.2275371551513672,
        1.2608046531677246,
        1.2941465377807617,
        1.327629804611206,
        1.360750436782837,
        1.3933663368225098,
        1.426687240600586,
        1.4596402645111084,
        1.4924211502075195,
        1.5263957977294922,
        1.5595381259918213,
        1.592249870300293,
        1.624969482421875,
        1.6585657596588135,
        1.6912012100219727,
        1.724916696548462,
        1.7587337493896484,
        1.7929441928863525,
        1.8256516456604004,
        1.8602089881896973,
        1.8929402828216553,
        1.9260008335113525,
        1.9592623710632324,
        1.9926416873931885,
        2.026876926422119,
        2.060397148132324,
        2.093669891357422,
        2.1263720989227295,
        2.160135269165039,
        2.194436550140381,
        2.2286088466644287,
        2.261747360229492,
        2.2947402000427246,
        2.3280200958251953,
        2.3622043132781982,
        2.40610933303833,
        2.44991397857666,
        2.494685173034668,
        2.5273287296295166,
        2.560899496078491,
        2.5936431884765625,
        2.627274513244629,
        2.6606595516204834,
        2.694040298461914,
        2.7286181449890137,
        2.7609992027282715,
        2.794583797454834,
        2.8274567127227783,
        2.8608953952789307,
        2.89357852935791,
        2.9375522136688232,
        2.9818813800811768,
        3.0154714584350586,
        3.0482327938079834,
        3.0816187858581543,
        3.1146225929260254,
        3.14774489402771,
        3.191588878631592,
        3.2368431091308594,
        3.28059983253479,
        3.3252203464508057,
        3.369725465774536,
        3.4138431549072266,
        3.4576621055603027,
        3.5024962425231934,
        3.5463428497314453,
        3.58060359954834,
        3.613992214202881,
        3.646916389465332,
        3.6799581050872803,
        3.7127885818481445,
        3.756787061691284,
        3.801536798477173,
        3.845548391342163,
        3.8908801078796387,
        3.935606002807617,
        3.980170488357544,
        4.023682117462158,
        4.069188117980957,
        4.113011121749878,
        4.156546354293823,
        4.200593948364258,
        4.234166145324707,
        4.277853965759277,
        4.322727203369141,
        4.36819052696228,
        4.412550449371338,
        4.4561779499053955,
        4.499673128128052,
        4.54330039024353,
        4.587048768997192,
        4.630689859390259,
        4.675429582595825,
        4.719876766204834,
        4.764241456985474,
        4.807708978652954,
        4.85376238822937,
        4.897724151611328,
        4.942354917526245,
        4.974847793579102,
        5.0188257694244385
    ],
    "x": [
        -2.264,
        -2.264,
        -3.724,
        -3.724,
        -3.724,
        -3.724,
        -3.724,
        -3.724,
        -3.724,
        -3.919,
        -3.85,
        -3.763,
        -3.652,
        -3.528,
        -3.351,
        -3.12,
        -2.827,
        -2.709,
        -2.105,
        -2.105,
        -1.226,
        -0.764,
        -0.277,
        0.227,
        0.724,
        0.903,
        1.786,
        1.955,
        2.867,
        3.414,
        4.018,
        4.183,
        5.195,
        5.856,
        6.521,
        7.215,
        7.925,
        8.588,
        9.317,
        10.014,
        10.752,
        11.506,
        12.212,
        12.954,
        13.689,
        14.43,
        15.21,
        16.03,
        16.803,
        17.619,
        18.418,
        19.243,
        20.065,
        20.935,
        21.797,
        22.596,
        23.486,
        24.382,
        25.213,
        26.137,
        27.042,
        27.927,
        28.791,
        29.713,
        30.554,
        31.501,
        32.44,
        33.438,
        34.335,
        35.307,
        36.165,
        37.084,
        38.254,
        39.445,
        40.679,
        41.513,
        42.433,
        43.304,
        44.216,
        45.141,
        46.028,
        46.933,
        47.816,
        48.649,
        49.535,
        50.429,
        51.261,
        52.39,
        53.456,
        54.29,
        55.07,
        55.905,
        56.675,
        57.467,
        58.488,
        59.518,
        60.433,
        61.369,
        62.229,
        63.072,
        63.909,
        64.69,
        65.457,
        66.098,
        66.727,
        67.346,
        67.981,
        68.708,
        69.708,
        70.751,
        71.822,
        72.984,
        74.105,
        75.137,
        76.121,
        77.133,
        78.01,
        78.796,
        79.612,
        80.237,
        81.003,
        81.742,
        82.459,
        83.204,
        83.93,
        84.674,
        85.439,
        86.227,
        87.143,
        88.152,
        89.266,
        90.408,
        91.622,
        92.949,
        94.202,
        95.411,
        96.312,
        97.401
    ],