{
    "angle": 40,
    "throttle": 10,
    "move_time": 5,
    "times": [
        2.86102294921875e-06,
        0.032785892486572266,
        0.06540465354919434,
        0.09830260276794434,
        0.13141131401062012,
        0.1644151210784912,
        0.1979823112487793,
        0.23105692863464355,
        0.2647066116333008,
        0.2975609302520752,
        0.3315846920013428,
        0.36408138275146484,
        0.39672160148620605,
        0.42933011054992676,
        0.4622385501861572,
        0.49622178077697754,
        0.5294466018676758,
        0.5633590221405029,
        0.5968194007873535,
        0.6303412914276123,
        0.6628122329711914,
        0.6965851783752441,
        0.7297701835632324,
        0.7630627155303955,
        0.7963969707489014,
        0.8301880359649658,
        0.8630707263946533,
        0.8968071937561035,
        0.9312288761138916,
        0.9640207290649414,
        0.9980549812316895,
        1.0313098430633545,
        1.0641014575958252,
        1.097637414932251,
        1.1314125061035156,
        1.1645910739898682,
        1.197622299194336,
        1.2314741611480713,
        1.2654860019683838,
        1.2982573509216309,
        1.331117868423462,
        1.3642044067382812,
        1.3967700004577637,
        1.430340051651001,
        1.462890863418579,
        1.4961140155792236,
        1.5290977954864502,
        1.562790870666504,
        1.5970492362976074,
        1.629734754562378,
        1.6627721786499023,
        1.6976182460784912,
        1.7309629917144775,
        1.7644281387329102,
        1.798708438873291,
        1.832472562789917,
        1.8654861450195312,
        1.8991169929504395,
        1.9328088760375977,
        1.9671962261199951,
        2.000757932662964,
        2.0335536003112793,
        2.0674686431884766,
        2.1020121574401855,
        2.1355998516082764,
        2.169403076171875,
        2.202800989151001,
        2.236020803451538,
        2.268928289413452,
        2.3014323711395264,
        2.3340866565704346,
        2.368281841278076,
        2.401501178741455,
        2.434443712234497,
        2.467439889907837,
        2.500967502593994,
        2.533862829208374,
        2.567066192626953,
        2.600978374481201,
        2.6344716548919678,
        2.6680822372436523,
        2.701076030731201,
        2.733721971511841,
        2.7668449878692627,
        2.799985885620117,
        2.8334696292877197,
        2.866321325302124,
        2.899617910385132,
        2.932526111602783,
        2.9658801555633545,
        2.9997241497039795,
        3.0324697494506836,
        3.065317392349243,
        3.099510908126831,
        3.132280111312866,
        3.165849208831787,
        3.1993257999420166,
        3.231869697570801,
        3.264765977859497,
        3.298166275024414,
        3.3308749198913574,
        3.364061117172241,
        3.3969695568084717,
        3.4296257495880127,
        3.4630115032196045,
        3.4958465099334717,
        3.5293967723846436,
        3.5622010231018066,
        3.595592975616455,
        3.628797769546509,
        3.6616768836975098,
        3.6943728923797607,
        3.7274110317230225,
        3.760146379470825,
        3.7942469120025635,
        3.8268771171569824,
        3.8608639240264893,
        3.894558906555176,
        3.928253173828125,
        3.9608378410339355,
        3.994076728820801,
        4.027178525924683,
        4.060209274291992,
        4.0934624671936035,
        4.126354217529297,
        4.159778118133545,
        4.193360328674316,
        4.2272443771362305,
        4.260701894760132,
        4.294794321060181,
        4.3293633460998535,
        4.362442255020142,
        4.396034479141235,
        4.42997932434082,
        4.462726593017578,
        4.496501207351685,
        4.530617952346802,
        4.563657999038696,
        4.596613645553589,
        4.630248308181763,
        4.663544654846191,
        4.696672201156616,
        4.72998046875,
        4.762804269790649,
        4.796081066131592,
        4.829280853271484,
        4.862029790878296,
        4.894842863082886,
        4.927809715270996,
        4.9605865478515625,
        4.994152545928955,
        5.026825904846191
    ],
    "x": [
        -4.207,
        -9.468,
        -9.4,
        -9.263,
        -9.106,
        -8.963,
        -8.769,
        -8.514,
        -8.164,
        -7.73,
        -7.238,
        -6.735,
        -6.164,
        -5.493,
        -4.823,
        -4.017,
        -3.125,
        -2.177,
        -2.177,
        -0.128,
        0.933,
        2.124,
        3.376,
        4.581,
        5.91,
        6.389,
        8.498,
        9.841,
        11.206,
        12.571,
        13.99,
        15.493,
        16.922,
        17.386,
        20.102,
        21.616,
        23.227,
        24.865,
        26.464,
        27.947,
        29.472,
        31.052,
        32.563,
        34.173,
        35.625,
        37.17,
        37.621,
        40.022,
        41.473,
        42.926,
        44.264,
        45.821,
        47.254,
        48.762,
        50.287,
        51.853,
        53.399,
        54.844,
        56.444,
        58.028,
        59.584,
        61.207,
        62.812,
        64.392,
        66.009,
        67.636,
        69.13,
        70.765,
        72.317,
        73.933,
        75.513,
        77.179,
        78.802,
        80.364,
        82.0,
        83.484,
        85.123,
        86.646,
        88.244,
        89.894,
        91.488,
        92.906,
        94.454,
        95.848,
        97.278,
        98.739,
        100.072,
        101.459,
        102.845,
        104.293,
        105.742,
        107.185,
        108.67,
        110.134,
        111.588,
        113.095,
        114.615,
        116.116,
        117.529,
        118.993,
        120.376,
        121.788,
        123.132,
        124.548,
        125.819,
        127.203,
        128.591,
        129.879,
        131.246,
        132.528,
        133.864,
        135.151,
        135.624,
        137.715,
        139.081,
        140.359,
        141.72,
        143.141,
        144.547,
        145.837,
        147.277,
        148.619,
        150.006,
        151.399,
        152.703,
        154.07,
        155.471,
        156.751,
        158.099,
        159.517,
        160.002,
        162.188,
        163.496,
        164.796,
        165.977,
        167.245,
        168.503,
        169.738,
        170.913,
        172.176,
        173.397,
        174.537,
        175.752,
        176.861,
        178.083,
        179.323,
        180.464,
        181.658,
        182.108,
        183.304,
        185.487,
        186.728
    ],