{
    "angle": 30,
    "throttle": 50,
    "move_time": 5,
    "times": [
        2.86102294921875e-06,
        0.03314852714538574,
        0.06585955619812012,
        0.09856796264648438,
        0.13196134567260742,
        0.1664435863494873,
        0.19893813133239746,
        0.23186826705932617,
        0.2653977870941162,
        0.2986314296722412,
        0.3316788673400879,
        0.36531710624694824,
        0.3988320827484131,
        0.4323310852050781,
        0.46584296226501465,
        0.49875712394714355,
        0.5315907001495361,
        0.5653660297393799,
        0.5982840061187744,
        0.6315586566925049,
        0.6655018329620361,
        0.6995565891265869,
        0.7323172092437744,
        0.7660543918609619,
        0.7986745834350586,
        0.831045389175415,
        0.8644595146179199,
        0.897822380065918,
        0.9311563968658447,
        0.9643077850341797,
        0.9975943565368652,
        1.0301275253295898,
        1.0629308223724365,
        1.0969276428222656,
        1.1303091049194336,
        1.1636888980865479,
        1.1978514194488525,
        1.2308883666992188,
        1.265462875366211,
        1.2981102466583252,
        1.3311269283294678,
        1.3637590408325195,
        1.3976094722747803,
        1.4302418231964111,
        1.463238000869751,
        1.497708797454834,
        1.5307531356811523,
        1.5639901161193848,
        1.5972609519958496,
        1.6303367614746094,
        1.6637883186340332,
        1.6973905563354492,
        1.7301902770996094,
        1.7743759155273438,
        1.8194458484649658,
        1.8632197380065918,
        1.8965885639190674,
        1.929762363433838,
        1.963385820388794,
        1.9960145950317383,
        2.0291783809661865,
        2.062199831008911,
        2.0963518619537354,
        2.1295862197875977,
        2.1621463298797607,
        2.1950206756591797,
        2.2288501262664795,
        2.2618870735168457,
        2.2958133220672607,
        2.3285861015319824,
        2.36175537109375,
        2.3950514793395996,
        2.4284420013427734,
        2.472071409225464,
        2.5168144702911377,
        2.561084508895874,
        2.6051700115203857,
        2.6496973037719727,
        2.6937460899353027,
        2.737529754638672,
        2.781255006790161,
        2.8256113529205322,
        2.8703982830047607,
        2.9036524295806885,
        2.9373202323913574,
        2.970332145690918,
        3.0039186477661133,
        3.0368804931640625,
        3.0695722103118896,
        3.1034653186798096,
        3.1481680870056152,
        3.1930041313171387,
        3.23736834526062,
        3.280961513519287,
        3.31378173828125,
        3.347507953643799,
        3.3803112506866455,
        3.425215005874634,
        3.469001293182373,
        3.513561248779297,
        3.558849573135376,
        3.6051323413848877,
        3.649075984954834,
        3.6942644119262695,
        3.7389190196990967,
        3.78326678276062,
        3.8278520107269287,
        3.8730883598327637,
        3.916933536529541,
        3.9606363773345947,
        4.005189418792725,
        4.04887056350708,
        4.0924248695373535,
        4.137307167053223,
        4.18118143081665,
        4.225141286849976,
        4.269457101821899,
        4.314061403274536,
        4.358127593994141,
        4.402375936508179,
        4.446556568145752,
        4.491421937942505,
        4.536033391952515,
        4.581021785736084,
        4.625108957290649,
        4.669154405593872,
        4.713826894760132,
        4.758666276931763,
        4.803210496902466,
        4.848313570022583,
        4.892202615737915,
        4.935553312301636,
        4.978999853134155,
        5.023223876953125
    ],
    "x": [
        -3.911,
        -4.676,
        -4.677,
        -4.642,
        -4.581,
        -4.512,
        -4.44,
        -4.338,
        -4.213,
        -4.025,
        -3.787,
        -3.707,
        -3.214,
        -2.885,
        -2.534,
        -2.163,
        -1.742,
        -1.609,
        -1.138,
        -0.258,
        -0.083,
        0.979,
        1.601,
        2.314,
        3.064,
        3.84,
        4.706,
        5.579,
        6.415,
        6.754,
        8.356,
        9.294,
        10.277,
        11.358,
        12.448,
        13.554,
        14.675,
        15.725,
        16.886,
        18.065,
        19.156,
        20.341,
        21.542,
        22.668,
        23.815,
        25.069,
        26.161,
        26.589,
        28.482,
        29.664,
        30.892,
        32.078,
        33.335,
        34.964,
        36.508,
        38.009,
        39.172,
        40.295,
        41.375,
        42.517,
        43.559,
        44.744,
        45.924,
        47.091,
        47.454,
        49.355,
        50.533,
        51.756,
        53.019,
        54.219,
        55.57,
        56.798,
        58.054,
        59.723,
        61.351,
        62.937,
        64.532,
        66.203,
        67.854,
        69.502,
        71.058,
        72.779,
        74.432,
        75.736,
        77.013,
        78.338,
        79.648,
        80.937,
        82.291,
        83.549,
        85.325,
        86.935,
        88.421,
        89.901,
        91.049,
        92.205,
        93.449,
        94.956,
        96.381,
        97.912,
        99.31,
        100.605,
        101.823,
        103.15,
        104.426,
        105.711,
        107.194,
        108.804,
        110.456,
        111.813,
        113.874,
        115.365,
        116.75,
        118.153,
        119.568,
        121.039,
        122.6,
        124.326,
        125.956,
        127.587,
        129.157,
        130.745,
        132.393,
        133.695,
        134.888,
        136.028,
        137.298,
        138.493,
        139.68,
        140.85,
        141.945,
        142.928,
        143.998,
        145.012
    ],