{
    "angle": 40,
    "throttle": 50,
    "move_time": 5,
    "times": [
        2.6226043701171875e-06,
        0.032349348068237305,
        0.06560683250427246,
        0.09918498992919922,
        0.1335735321044922,
        0.1660773754119873,
        0.1995394229888916,
        0.2329413890838623,
        0.26573872566223145,
        0.2993924617767334,
        0.33330512046813965,
        0.3670971393585205,
        0.39988160133361816,
        0.43269968032836914,
        0.46608853340148926,
        0.49982142448425293,
        0.5331127643585205,
        0.5670690536499023,
        0.600743293762207,
        0.6339020729064941,
        0.6674928665161133,
        0.7014782428741455,
        0.7350411415100098,
        0.7683935165405273,
        0.8029403686523438,
        0.8365025520324707,
        0.869758129119873,
        0.9030327796936035,
        0.9359970092773438,
        0.9699962139129639,
        1.0041053295135498,
        1.0374016761779785,
        1.0708119869232178,
        1.1037917137145996,
        1.1365666389465332,
        1.169403314590454,
        1.203315258026123,
        1.2361373901367188,
        1.268826961517334,
        1.301368236541748,
        1.3343620300292969,
        1.3682119846343994,
        1.4010255336761475,
        1.4337363243103027,
        1.4666528701782227,
        1.4991896152496338,
        1.5320281982421875,
        1.5662531852722168,
        1.599151611328125,
        1.6329658031463623,
        1.6672215461730957,
        1.7001221179962158,
        1.7338542938232422,
        1.767096757888794,
        1.7998104095458984,
        1.8332610130310059,
        1.8666129112243652,
        1.8994758129119873,
        1.9327552318572998,
        1.9655401706695557,
        1.9991481304168701,
        2.031649351119995,
        2.076247453689575,
        2.120914936065674,
        2.1648948192596436,
        2.1973609924316406,
        2.2297158241271973,
        2.2618749141693115,
        2.2943177223205566,
        2.3270680904388428,
        2.360039234161377,
        2.3939297199249268,
        2.4264447689056396,
        2.470133066177368,
        2.514179229736328,
        2.546539068222046,
        2.5785090923309326,
        2.610544204711914,
        2.6433897018432617,
        2.6753079891204834,
        2.708744764328003,
        2.7530577182769775,
        2.796989917755127,
        2.8426167964935303,
        2.8864779472351074,
        2.9315927028656006,
        2.975358486175537,
        3.0196237564086914,
        3.064051628112793,
        3.108285665512085,
        3.1530747413635254,
        3.1965432167053223,
        3.2407853603363037,
        3.2849507331848145,
        3.3299591541290283,
        3.37410044670105,
        3.418118715286255,
        3.4617738723754883,
        3.5057384967803955,
        3.5497899055480957,
        3.594294786453247,
        3.638140916824341,
        3.6832034587860107,
        3.7283778190612793,
        3.771721124649048,
        3.8159303665161133,
        3.8608756065368652,
        3.904798984527588,
        3.9491751194000244,
        3.9936683177948,
        4.03901219367981,
        4.082983493804932,
        4.127478122711182,
        4.171544075012207,
        4.215591669082642,
        4.259454965591431,
        4.303815126419067,
        4.348622560501099,
        4.392687082290649,
        4.437697410583496,
        4.481489896774292,
        4.526634216308594,
        4.571302890777588,
        4.6164710521698,
        4.6608710289001465,
        4.704822540283203,
        4.7498779296875,
        4.795099258422852,
        4.839176654815674,
        4.883927345275879,
        4.927349090576172,
        4.971733570098877,
        5.017157077789307
    ],
    "x": [
        -2.828,
        -5.229,
        -5.233,
        -5.194,
        -5.131,
        -5.111,
        -4.952,
        -4.788,
        -4.554,
        -4.259,
        -3.911,
        -3.55,
        -3.105,
        -2.636,
        -2.103,
        -1.488,
        -0.844,
        -0.126,
        0.153,
        0.964,
        2.424,
        3.428,
        4.457,
        5.573,
        6.733,
        7.947,
        8.379,
        10.401,
        11.718,
        13.064,
        13.457,
        15.847,
        17.213,
        18.657,
        20.087,
        21.55,
        22.943,
        23.379,
        25.688,
        27.175,
        27.636,
        29.077,
        30.513,
        33.078,
        34.576,
        36.112,
        37.719,
        39.288,
        40.791,
        42.398,
        44.009,
        45.683,
        47.331,
        48.9,
        50.608,
        51.122,
        53.967,
        55.716,
        57.337,
        59.005,
        60.668,
        62.407,
        64.582,
        66.488,
        68.19,
        69.599,
        70.942,
        72.295,
        73.677,
        75.059,
        76.592,
        78.12,
        79.545,
        81.398,
        83.127,
        84.388,
        85.76,
        87.143,
        88.547,
        90.057,
        91.676,
        93.774,
        95.677,
        97.492,
        99.187,
        100.951,
        102.668,
        104.428,
        106.214,
        108.125,
        110.072,
        111.959,
        113.844,
        115.756,
        117.889,
        119.898,
        121.974,
        124.043,
        126.144,
        128.254,
        130.322,
        131.812,
        134.51,
        136.92,
        138.534,
        141.268,
        142.868,
        145.3,
        147.293,
        149.249,
        151.098,
        152.804,
        154.512,
        156.005,
        157.435,
        158.812,
        160.053,
        161.362,
        162.611,
        163.985,
        165.381,
        166.878,
        168.582,
        170.622,
        172.777,
        174.984,
        177.445,
        179.79,
        181.504,
        184.271,
        186.399,
        188.73,
        190.937
    ],