{"angle": 10, "throttle": 20, "move_time": 5, "times": [2.86102294921875e-06, 0.032012224197387695, 0.06486797332763672, 0.09859514236450195, 0.13137173652648926, 0.16428089141845703, 0.19758129119873047, 0.23206710815429688, 0.26482105255126953, 0.29828310012817383, 0.3314476013183594, 0.3644428253173828, 0.3978309631347656, 0.43207240104675293, 0.4660227298736572, 0.4994544982910156, 0.5324826240539551, 0.5653178691864014, 0.5985331535339355, 0.6327030658721924, 0.665534257888794, 0.698976993560791, 0.7323155403137207, 0.765221357345581, 0.7981786727905273, 0.8324077129364014, 0.8654062747955322, 0.8986234664916992, 0.931675910949707, 0.9649324417114258, 0.9985346794128418, 1.0315687656402588, 1.06514310836792, 1.0987298488616943, 1.1315958499908447, 1.1652517318725586, 1.1982839107513428, 1.2309648990631104, 1.263850212097168, 1.2968518733978271, 1.3310322761535645, 1.3646612167358398, 1.3977904319763184, 1.4318294525146484, 1.4655296802520752, 1.4991872310638428, 1.5326182842254639, 1.5656678676605225, 1.5984859466552734, 1.6318342685699463, 1.666015386581421, 1.7002615928649902, 1.7332868576049805, 1.7660648822784424, 1.7997760772705078, 1.8328089714050293, 1.8663959503173828, 1.900047779083252, 1.933103322982788, 1.966172218322754, 1.9991884231567383, 2.0326647758483887, 2.065582752227783, 2.098886013031006, 2.132171869277954, 2.1650607585906982, 2.198425054550171, 2.2325949668884277, 2.266535997390747, 2.2997212409973145, 2.3324618339538574, 2.3660216331481934, 2.4001574516296387, 2.4337940216064453, 2.467454671859741, 2.5011472702026367, 2.534893035888672, 2.5690407752990723, 2.6025960445404053, 2.6354851722717285, 2.6687405109405518, 2.7016992568969727, 2.734707832336426, 2.768476963043213, 2.8015332221984863, 2.835212230682373, 2.8687334060668945, 2.9017324447631836, 2.9347848892211914, 2.9691505432128906, 3.00229549407959, 3.0352470874786377, 3.0686910152435303, 3.101707696914673, 3.1343886852264404, 3.167682647705078, 3.200688123703003, 3.2334988117218018, 3.2681758403778076, 3.3008458614349365, 3.3333256244659424, 3.366426944732666, 3.399834632873535, 3.4328856468200684, 3.465941905975342, 3.499974012374878, 3.534162998199463, 3.5672202110290527, 3.600536584854126, 3.6334643363952637, 3.6666955947875977, 3.700148105621338, 3.733532667160034, 3.7672841548919678, 3.8005332946777344, 3.834949254989624, 3.8690083026885986, 3.901602029800415, 3.9341351985931396, 3.9671480655670166, 4.0012757778167725, 4.034005641937256, 4.066845178604126, 4.099847316741943, 4.132763862609863, 4.166412830352783, 4.20001220703125, 4.2329888343811035, 4.266279220581055, 4.299315690994263, 4.332656145095825, 4.365456581115723, 4.398415803909302, 4.431582450866699, 4.464341640472412, 4.497459650039673, 4.530768156051636, 4.564095735549927, 4.597839117050171, 4.63128924369812, 4.664814710617065, 4.6990602016448975, 4.732260465621948, 4.765481472015381, 4.798315525054932, 4.831961393356323, 4.8649208545684814, 4.899127721786499, 4.932015419006348, 4.96554160118103, 4.999372482299805, 5.032824277877808], "x": [-3.063, -6.212, -6.21, -6.196, -6.174, -6.135, -6.083, -6.029, -5.976, -5.919, -5.86, -5.809, -5.756, -5.692, -5.62, -5.538, -5.45, -5.349, -5.245, -5.128, -5.087, -5.087, -5.087, -4.688, -4.577, -4.444, -4.292, -4.147, -3.982, -3.808, -3.659, -3.515, -3.393, -3.268, -3.151, -3.056, -2.963, -2.873, -2.784, -2.705, -2.619, -2.534, -2.45, -2.374, -2.311, -2.263, -2.209, -2.157, -2.115, -2.07, -2.028, -1.984, -1.935, -1.886, -1.825, -1.766, -1.701, -1.633, -1.543, -1.443, -1.354, -1.252, -1.133, -1.02, -0.86, -0.73, -0.619, -0.518, -0.421, -0.326, -0.231, -0.132, -0.026, 0.076, 0.179, 0.273, 0.373, 0.477, 0.579, 0.686, 0.791, 0.791, 1.024, 1.153, 1.279, 1.415, 1.467, 1.729, 1.879, 2.029, 2.173, 2.294, 2.431, 2.568, 2.708, 2.865, 3.021, 3.194, 3.374, 3.544, 3.731, 3.922, 4.129, 4.33, 4.548, 4.782, 5.037, 5.291, 5.537, 5.739, 5.91, 6.109, 6.337, 6.57, 6.808, 7.065, 7.352, 7.455, 7.929, 8.206, 8.511, 8.811, 9.079, 9.332, 9.578, 9.837, 10.075, 10.287, 10.508, 10.704, 10.942, 11.198, 11.419, 11.667, 11.914, 12.193, 12.475, 12.773, 13.075, 13.374, 13.705, 14.044, 14.41, 14.794, 15.092, 15.368, 15.635, 15.905, 16.16, 16.4, 16.4, 16.848], "y": [-2.531, -2.69, -2.869, -3.083, -3.297, -3.54, -3.792, -4.057, -4.318, -4.59, -4.832, -5.081, -5.318, -5.562, -5.819, -6.073, -6.348, -6.603, -6.882, -7.141, -7.141, -7.141, -7.141, -8.108, -8.346, -8.61, -8.83, -9.071, -9.288, -9.505, -9.709, -9.853, -9.976, -10.113, -10.211, -10.271, -10.307, -10.303, -10.28, -10.253, -10.193, -10.112, -10.029, -9.901, -9.785, -9.668, -9.505, -9.339, -9.175, -8.989, -8.781, -8.602, -8.434, -8.281, -8.125, -7.96, -7.863, -7.684, -7.519, -7.4, -7.268, -7.128, -7.015, -6.876, -6.752, -6.683, -6.627, -6.581, -6.568, -6.546, -6.518, -6.509, -6.479, -6.466, -6.463, -6.412, -6.38, -6.336, -6.255, -6.193, -6.157, -6.083, -6.071, -6.064, -6.095, -6.154, -6.183, -6.232, -6.302, -6.348, -6.421, -6.492, -6.516, -6.575, -6.594, -6.591, -6.605, -6.602, -6.587, -6.578, -6.539, -6.505, -6.497, -6.472, -6.477, -6.5, -6.515, -6.533, -6.557, -6.546, -6.557, -6.554, -6.54, -6.543, -6.511, -6.489, -6.468, -6.431, -6.407, -6.382, -6.35, -6.336, -6.307, -6.291, -6.282, -6.251, -6.224, -6.191, -6.161, -6.108, -6.055, -5.998, -5.966, -5.93, -5.886, -5.847, -5.772, -5.709, -5.671, -5.621, -5.583, -5.548, -5.534, -5.544, -5.538, -5.542, -5.562, -5.575, -5.58, -5.586, -5.578, -5.584], "z": [22.0, 21.9, 22.4, 21.8, 22.4, 22.1, 22.8, 23.1, 23.4, 23.5, 24.2, 24.5, 25.1, 25.6, 26.0, 26.2, 26.8, 27.1, 27.0, 27.0, 27.0, 28.7, 28.9, 29.8, 29.9, 30.4, 30.8, 31.4, 31.4, 32.2, 32.6, 32.9, 33.8, 33.9, 34.4, 34.6, 34.4, 35.8, 35.8, 36.5, 37.3, 37.9, 38.7, 38.4, 38.4, 39.7, 40.3, 40.5, 42.2, 41.9, 42.8, 43.6, 43.4, 45.5, 45.7, 45.8, 47.2, 47.5, 50.1, 49.4, 51.5, 51.8, 52.9, 54.0, 55.0, 56.1, 56.3, 54.8, 54.8, 55.9, 57.2, 60.6, 59.6, 60.1, 62.0, 64.0, 60.5, 62.3, 63.1, 66.3, 66.3, 65.4, 65.4, 70.2, 70.0, 69.9, 72.4, 70.3, 74.6, 73.3, 71.1, 75.7, 74.2, 74.0, 78.5, 77.4, 79.1, 79.0, 78.6, 80.6, 80.1, 81.3, 81.6, 83.5, 80.5, 83.4, 84.4, 86.0, 85.3, 85.6, 86.5, 87.5, 82.2, 93.8, 91.5, 92.3, 92.3, 92.8, 93.1, 90.0, 94.6, 94.6, 98.1, 98.1, 92.6, 99.5, 93.7, 94.5, 97.0, 102.6, 98.7, 99.6, 100.9, 102.1, 102.3, 104.1, 106.5, 104.6, 99.6, 102.9, 103.9, 102.1, 107.4, 104.7, 100.3, 108.2, 102.0, 109.8, 113.3, 113.3, 110.5, 110.5]}