{"angle": 0, "throttle": 20, "move_time": 5, "times": [1.9311904907226562e-05, 0.03133249282836914, 0.06314396858215332, 0.09618568420410156, 0.1306149959564209, 0.16430997848510742, 0.19824790954589844, 0.2315349578857422, 0.2647819519042969, 0.297635555267334, 0.330524206161499, 0.3631141185760498, 0.3957860469818115, 0.4289686679840088, 0.46234631538391113, 0.49547743797302246, 0.5283608436584473, 0.5611405372619629, 0.5942144393920898, 0.6266944408416748, 0.6592347621917725, 0.6923582553863525, 0.7245602607727051, 0.756737470626831, 0.7893366813659668, 0.8208727836608887, 0.8538458347320557, 0.886894941329956, 0.9214272499084473, 0.9550819396972656, 0.987983226776123, 1.0205450057983398, 1.0524075031280518, 1.0851631164550781, 1.1195576190948486, 1.1527040004730225, 1.1857969760894775, 1.2187166213989258, 1.251528024673462, 1.2850499153137207, 1.3184466361999512, 1.3514771461486816, 1.3845324516296387, 1.4176220893859863, 1.452418565750122, 1.485659122467041, 1.518519639968872, 1.551684856414795, 1.585028886795044, 1.6177761554718018, 1.6497228145599365, 1.6825077533721924, 1.7154638767242432, 1.748046875, 1.7816362380981445, 1.8144128322601318, 1.8468918800354004, 1.879643201828003, 1.9132838249206543, 1.946265459060669, 1.9798259735107422, 2.012683153152466, 2.046128273010254, 2.0792088508605957, 2.1120166778564453, 2.145308494567871, 2.1782000064849854, 2.2116379737854004, 2.244328737258911, 2.2773354053497314, 2.310366153717041, 2.34346079826355, 2.3762333393096924, 2.409571886062622, 2.4418818950653076, 2.475552558898926, 2.509260892868042, 2.5423591136932373, 2.57615327835083, 2.6094987392425537, 2.6426069736480713, 2.67630672454834, 2.7097508907318115, 2.742980480194092, 2.7765774726867676, 2.8100831508636475, 2.8428125381469727, 2.875825881958008, 2.9088778495788574, 2.9416866302490234, 2.9744341373443604, 3.0074243545532227, 3.0400266647338867, 3.0727245807647705, 3.1071603298187256, 3.140732765197754, 3.1737008094787598, 3.2070720195770264, 3.2404539585113525, 3.274280309677124, 3.3071963787078857, 3.3403823375701904, 3.373054027557373, 3.406069278717041, 3.4388210773468018, 3.472722053527832, 3.506382465362549, 3.5391910076141357, 3.5726101398468018, 3.606271743774414, 3.6395840644836426, 3.6849582195281982, 3.730102062225342, 3.7747700214385986, 3.8073654174804688, 3.8403713703155518, 3.8732974529266357, 3.9071671962738037, 3.94004225730896, 3.9735779762268066, 4.007453680038452, 4.051429748535156, 4.096529245376587, 4.142398118972778, 4.175462961196899, 4.208841323852539, 4.241691589355469, 4.274606704711914, 4.319267272949219, 4.364492416381836, 4.39805269241333, 4.430952787399292, 4.464114427566528, 4.497171878814697, 4.530792474746704, 4.5743677616119385, 4.6185219287872314, 4.652229070663452, 4.685840368270874, 4.730332374572754, 4.7742414474487305, 4.819371938705444, 4.863426208496094, 4.907388925552368, 4.951805591583252, 4.996999502182007, 5.0407938957214355], "x": [-4.223, -11.246, -11.271, -11.293, -11.319, -11.325, -11.332, -11.321, -11.313, -11.232, -11.207, -11.065, -10.967, -10.865, -10.772, -10.689, -10.621, -10.528, -10.428, -10.386, -10.214, -10.125, -10.043, -9.952, -9.864, -9.781, -9.695, -9.587, -9.474, -9.355, -9.236, -9.117, -9.003, -8.866, -8.726, -8.591, -8.476, -8.363, -8.269, -8.176, -8.105, -8.022, -7.941, -7.876, -7.827, -7.79, -7.77, -7.764, -7.78, -7.819, -7.86, -7.883, -7.883, -7.864, -7.812, -7.791, -7.791, -7.477, -7.34, -7.209, -7.074, -6.942, -6.825, -6.701, -6.595, -6.488, -6.393, -6.325, -6.268, -6.212, -6.171, -6.132, -6.097, -6.058, -6.035, -6.026, -6.018, -6.008, -6.004, -5.997, -5.975, -5.95, -5.921, -5.901, -5.888, -5.891, -5.929, -5.962, -5.99, -6.024, -6.068, -6.131, -6.208, -6.3, -6.38, -6.452, -6.527, -6.621, -6.709, -6.811, -6.911, -6.995, -7.095, -7.187, -7.256, -7.323, -7.406, -7.458, -7.478, -7.483, -7.492, -7.478, -7.407, -7.269, -7.179, -7.092, -7.011, -6.897, -6.796, -6.692, -6.596, -6.477, -6.412, -6.336, -6.263, -6.214, -6.202, -6.231, -6.285, -6.351, -6.454, -6.561, -6.642, -6.694, -6.718, -6.758, -6.792, -6.821, -6.834, -6.952, -7.023, -7.041, -7.041, -7.025, -6.989, -6.959, -6.894], "y": [-10.526, -10.561, -10.615, -10.669, -10.741, -10.792, -10.836, -10.941, -10.983, -11.017, -11.051, -11.035, -11.008, -10.99, -10.951, -10.919, -10.896, -10.85, -10.81, -10.784, -10.754, -10.751, -10.757, -10.743, -10.733, -10.722, -10.696, -10.68, -10.667, -10.648, -10.647, -10.637, -10.636, -10.648, -10.645, -10.653, -10.669, -10.673, -10.716, -10.753, -10.77, -10.825, -10.863, -10.879, -10.908, -10.909, -10.909, -10.935, -10.965, -11.033, -11.098, -11.112, -11.132, -11.121, -11.091, -11.091, -11.075, -11.032, -11.015, -10.981, -10.945, -10.931, -10.898, -10.892, -10.896, -10.884, -10.89, -10.859, -10.774, -10.695, -10.593, -10.49, -10.426, -10.339, -10.267, -10.191, -10.089, -9.992, -9.905, -9.811, -9.752, -9.71, -9.646, -9.594, -9.502, -9.366, -9.257, -9.128, -9.042, -9.01, -8.959, -8.952, -8.956, -8.903, -8.898, -8.909, -8.899, -8.929, -8.953, -8.971, -9.008, -8.993, -8.976, -8.964, -8.902, -8.864, -8.838, -8.771, -8.707, -8.602, -8.479, -8.368, -8.2, -8.117, -8.048, -8.009, -8.01, -7.974, -7.965, -7.95, -7.917, -7.96, -7.977, -8.042, -8.065, -8.098, -8.166, -8.247, -8.421, -8.576, -8.681, -8.741, -8.753, -8.778, -8.794, -8.798, -8.825, -8.81, -8.78, -8.7, -8.571, -8.418, -8.317, -8.221, -8.103, -8.07, -7.896], "z": [33.0, 32.8, 32.7, 32.7, 33.6, 32.6, 33.1, 34.0, 34.6, 34.6, 34.3, 34.9, 35.1, 36.3, 37.1, 38.5, 37.6, 39.6, 39.3, 40.4, 41.0, 43.2, 43.1, 42.6, 44.0, 46.8, 46.4, 45.9, 48.7, 48.5, 48.7, 48.7, 49.8, 51.4, 50.3, 50.2, 52.7, 53.5, 52.6, 57.5, 57.5, 57.2, 55.5, 55.7, 55.9, 57.8, 59.5, 58.7, 57.9, 61.8, 59.7, 62.3, 60.7, 63.5, 61.9, 66.0, 67.5, 69.7, 66.4, 67.7, 70.5, 69.1, 68.1, 70.8, 74.2, 71.7, 71.1, 72.5, 72.9, 74.2, 74.7, 75.0, 76.9, 76.9, 79.1, 79.6, 79.6, 79.3, 80.4, 80.7, 80.5, 81.3, 80.9, 80.7, 84.5, 86.1, 79.6, 88.3, 87.1, 83.4, 86.9, 86.9, 93.3, 89.7, 93.3, 93.3, 92.6, 93.7, 94.4, 93.8, 98.9, 97.8, 98.4, 97.9, 98.1, 97.0, 94.9, 101.6, 96.5, 96.5, 101.302, 102.088, 102.809, 104.9, 106.0, 109.3, 105.9, 115.4, 108.9, 109.0, 108.773, 109.656, 110.629, 118.0, 118.0, 118.0, 121.3, 113.987, 114.94, 119.7, 117.9, 117.1, 125.1, 123.1, 119.104, 120.094, 126.3, 117.3, 122.535, 122.731, 124.312, 125.103, 125.481, 126.583, 127.306, 127.933, 128.656]}