{
    "angle": 50,
    "throttle": 40,
    "move_time": 5,
    "times": [
        2.86102294921875e-06,
        0.03270864486694336,
        0.0656425952911377,
        0.09834122657775879,
        0.13105416297912598,
        0.16384387016296387,
        0.19677352905273438,
        0.22994256019592285,
        0.26346755027770996,
        0.29660964012145996,
        0.3290901184082031,
        0.3636629581451416,
        0.3968367576599121,
        0.42990851402282715,
        0.46291017532348633,
        0.496384859085083,
        0.5291471481323242,
        0.561981201171875,
        0.5960390567779541,
        0.6289839744567871,
        0.6616981029510498,
        0.6952941417694092,
        0.7289330959320068,
        0.7617666721343994,
        0.7944111824035645,
        0.828233003616333,
        0.8605053424835205,
        0.8936805725097656,
        0.9264776706695557,
        0.9592220783233643,
        0.9923083782196045,
        1.025148630142212,
        1.0579743385314941,
        1.0908212661743164,
        1.1234815120697021,
        1.1564111709594727,
        1.1893761157989502,
        1.2218608856201172,
        1.2554068565368652,
        1.2882182598114014,
        1.3207588195800781,
        1.3537883758544922,
        1.3867735862731934,
        1.4194669723510742,
        1.4528021812438965,
        1.4865400791168213,
        1.5203015804290771,
        1.5536322593688965,
        1.5866382122039795,
        1.6192548274993896,
        1.652106761932373,
        1.6851389408111572,
        1.7188305854797363,
        1.7517271041870117,
        1.784499168395996,
        1.8287873268127441,
        1.8728022575378418,
        1.9182751178741455,
        1.9518518447875977,
        1.986358642578125,
        2.0305519104003906,
        2.074305295944214,
        2.1072940826416016,
        2.1400458812713623,
        2.1730425357818604,
        2.206448793411255,
        2.2397167682647705,
        2.273153066635132,
        2.307354688644409,
        2.340153932571411,
        2.373276710510254,
        2.408174753189087,
        2.4533557891845703,
        2.4976861476898193,
        2.531094789505005,
        2.564194679260254,
        2.5981009006500244,
        2.631110668182373,
        2.663701057434082,
        2.6969475746154785,
        2.7310221195220947,
        2.764399290084839,
        2.797093629837036,
        2.8410611152648926,
        2.8857529163360596,
        2.9287991523742676,
        2.972156047821045,
        3.015716791152954,
        3.059407949447632,
        3.103780746459961,
        3.1482832431793213,
        3.1925246715545654,
        3.236812114715576,
        3.280440092086792,
        3.313058376312256,
        3.3456647396087646,
        3.3780832290649414,
        3.422584295272827,
        3.4666152000427246,
        3.511248826980591,
        3.5563673973083496,
        3.601764440536499,
        3.6457440853118896,
        3.6896536350250244,
        3.7334542274475098,
        3.7776331901550293,
        3.8222193717956543,
        3.8685643672943115,
        3.9128611087799072,
        3.9564766883850098,
        4.001307010650635,
        4.045878648757935,
        4.089608192443848,
        4.134036064147949,
        4.178429841995239,
        4.222755193710327,
        4.267003536224365,
        4.311428785324097,
        4.355273246765137,
        4.400435209274292,
        4.444839715957642,
        4.489620923995972,
        4.533937692642212,
        4.579779386520386,
        4.623312950134277,
        4.668134450912476,
        4.712044715881348,
        4.757039785385132,
        4.801508903503418,
        4.845938444137573,
        4.889848709106445,
        4.934510231018066,
        4.979537487030029,
        5.022891044616699
    ],
    "x": [
        -2.192,
        7.764,
        7.755,
        7.838,
        7.929,
        7.984,
        8.089,
        8.277,
        8.585,
        8.971,
        9.124,
        10.007,
        10.639,
        11.279,
        12.044,
        12.823,
        13.685,
        14.578,
        15.581,
        16.635,
        17.699,
        18.88,
        20.117,
        21.385,
        22.681,
        24.074,
        25.506,
        27.027,
        28.483,
        30.148,
        31.751,
        33.51,
        35.233,
        37.065,
        38.831,
        40.633,
        42.525,
        44.366,
        46.293,
        48.072,
        50.087,
        51.974,
        53.938,
        55.828,
        57.769,
        59.558,
        61.516,
        63.434,
        65.217,
        67.184,
        69.044,
        71.075,
        73.15,
        75.065,
        76.951,
        79.454,
        81.849,
        83.929,
        85.537,
        87.327,
        89.615,
        91.327,
        93.563,
        95.437,
        97.483,
        99.459,
        101.639,
        103.816,
        106.015,
        108.176,
        110.36,
        112.489,
        115.319,
        117.722,
        119.483,
        121.223,
        123.09,
        124.921,
        126.674,
        128.565,
        130.449,
        132.227,
        134.12,
        136.419,
        138.505,
        140.495,
        142.361,
        144.302,
        146.232,
        148.175,
        150.146,
        152.196,
        154.369,
        156.361,
        158.045,
        159.741,
        161.585,
        164.041,
        166.37,
        168.737,
        170.938,
        173.183,
        175.327,
        177.529,
        180.017,
        182.439,
        184.665,
        186.83,
        188.981,
        190.947,
        193.137,
        195.263,
        197.405,
        199.555,
        201.681,
        203.791,
        205.956,
        207.493,
        210.114,
        212.169,
        214.322,
        216.403,
        218.008,
        220.686,
        222.755,
        224.853,
        227.1,
        229.474,
        231.718,
        233.983,
        236.241,
        238.576,
        241.041,
        242.753
    ],