{
    "angle": 20,
    "throttle": 10,
    "move_time": 5,
    "times": [
        2.86102294921875e-06,
        0.03246927261352539,
        0.0653834342956543,
        0.0991520881652832,
        0.13303565979003906,
        0.16611099243164062,
        0.19949913024902344,
        0.2326524257659912,
        0.2663106918334961,
        0.2997465133666992,
        0.3330869674682617,
        0.36630821228027344,
        0.39954590797424316,
        0.43271446228027344,
        0.4662208557128906,
        0.49907851219177246,
        0.5317270755767822,
        0.5646510124206543,
        0.5981934070587158,
        0.6314456462860107,
        0.6640148162841797,
        0.6968169212341309,
        0.7296113967895508,
        0.7627947330474854,
        0.7958030700683594,
        0.8291645050048828,
        0.8627939224243164,
        0.8966059684753418,
        0.9298944473266602,
        0.9630656242370605,
        0.9975876808166504,
        1.0308167934417725,
        1.0640294551849365,
        1.0971260070800781,
        1.1300280094146729,
        1.1624512672424316,
        1.19529128074646,
        1.2281558513641357,
        1.2617218494415283,
        1.295076608657837,
        1.3285903930664062,
        1.3611621856689453,
        1.3945741653442383,
        1.4275307655334473,
        1.461404800415039,
        1.4942636489868164,
        1.5272986888885498,
        1.561352014541626,
        1.5945055484771729,
        1.6279101371765137,
        1.6608784198760986,
        1.694082260131836,
        1.7266309261322021,
        1.760312557220459,
        1.7930941581726074,
        1.8271307945251465,
        1.8599510192871094,
        1.8932971954345703,
        1.9264500141143799,
        1.9600257873535156,
        1.9928581714630127,
        2.026441812515259,
        2.0600249767303467,
        2.093519687652588,
        2.126695394515991,
        2.160785436630249,
        2.194465160369873,
        2.2281527519226074,
        2.2615654468536377,
        2.295243263244629,
        2.328659772872925,
        2.361978054046631,
        2.3956315517425537,
        2.430002450942993,
        2.4626762866973877,
        2.495636463165283,
        2.529031276702881,
        2.561789035797119,
        2.596710443496704,
        2.6302297115325928,
        2.6642520427703857,
        2.6972999572753906,
        2.7301065921783447,
        2.7631773948669434,
        2.797205686569214,
        2.829472064971924,
        2.862732172012329,
        2.8955600261688232,
        2.9279422760009766,
        2.9612884521484375,
        2.995295763015747,
        3.028247356414795,
        3.061711072921753,
        3.0953025817871094,
        3.1293511390686035,
        3.1629247665405273,
        3.1968088150024414,
        3.230360269546509,
        3.262965202331543,
        3.2968287467956543,
        3.3305625915527344,
        3.3636631965637207,
        3.3975563049316406,
        3.430542469024658,
        3.463879108428955,
        3.4971976280212402,
        3.5302817821502686,
        3.5637288093566895,
        3.5973317623138428,
        3.630157947540283,
        3.663494348526001,
        3.6980104446411133,
        3.7310099601745605,
        3.764677047729492,
        3.797590970993042,
        3.830920934677124,
        3.8653035163879395,
        3.8982596397399902,
        3.9312868118286133,
        3.964132785797119,
        3.997593641281128,
        4.030720949172974,
        4.064208507537842,
        4.097572088241577,
        4.130747318267822,
        4.163736820220947,
        4.197406768798828,
        4.230595827102661,
        4.264487266540527,
        4.297934293746948,
        4.330754280090332,
        4.363197326660156,
        4.3957884311676025,
        4.428997755050659,
        4.461808681488037,
        4.495452404022217,
        4.530285596847534,
        4.563056945800781,
        4.596098899841309,
        4.6287522315979,
        4.66135048866272,
        4.694191932678223,
        4.728419780731201,
        4.761221885681152,
        4.794863939285278,
        4.827573299407959,
        4.860179424285889,
        4.893087863922119,
        4.9274256229400635,
        4.96086049079895,
        4.993878126144409,
        5.027155160903931
    ],
    "x": [
        -3.53,
        -1.752,
        -1.797,
        -1.822,
        -1.841,
        -1.859,
        -1.866,
        -1.836,
        -1.769,
        -1.663,
        -1.511,
        -1.306,
        -1.064,
        -0.755,
        -0.424,
        -0.101,
        0.252,
        0.636,
        1.036,
        1.444,
        1.893,
        2.035,
        2.86,
        3.423,
        3.995,
        4.625,
        4.838,
        5.945,
        6.592,
        7.279,
        7.279,
        7.279,
        9.445,
        10.122,
        10.856,
        11.531,
        12.223,
        12.957,
        13.636,
        14.391,
        15.153,
        15.864,
        16.655,
        17.39,
        17.658,
        18.956,
        19.686,
        20.448,
        21.229,
        21.984,
        22.674,
        23.436,
        24.128,
        24.833,
        25.505,
        26.179,
        26.828,
        27.452,
        28.085,
        28.697,
        29.287,
        29.895,
        30.072,
        31.081,
        31.699,
        32.311,
        32.937,
        33.55,
        34.12,
        34.77,
        35.425,
        36.076,
        36.705,
        37.403,
        38.001,
        38.616,
        39.263,
        39.851,
        40.532,
        41.168,
        41.338,
        42.366,
        42.993,
        43.575,
        44.213,
        44.825,
        45.471,
        46.104,
        46.733,
        47.404,
        48.102,
        48.787,
        49.414,
        50.12,
        50.813,
        51.505,
        52.211,
        52.913,
        53.551,
        54.251,
        54.97,
        55.637,
        56.355,
        57.094,
        57.788,
        58.542,
        59.297,
        59.987,
        60.732,
        61.476,
        62.16,
        62.942,
        63.645,
        64.374,
        65.07,
        65.833,
        66.09,
        67.336,
        68.054,
        68.799,
        69.506,
        70.264,
        70.998,
        71.7,
        72.457,
        73.15,
        73.901,
        74.651,
        75.379,
        76.112,
        76.817,
        77.5,
        78.208,
        78.971,
        79.685,
        80.464,
        81.273,
        81.979,
        82.742,
        83.45,
        84.143,
        84.916,
        85.652,
        86.303,
        87.031,
        87.702,
        88.396,
        89.083,
        89.811,
        90.532,
        91.251,
        91.994
    ],