{
    "angle": 50,
    "throttle": 20,
    "move_time": 5,
    "times": [
        2.86102294921875e-06,
        0.033650875091552734,
        0.06721973419189453,
        0.10029959678649902,
        0.1338820457458496,
        0.16656255722045898,
        0.20062494277954102,
        0.23431134223937988,
        0.26732707023620605,
        0.30115818977355957,
        0.33472442626953125,
        0.3678610324859619,
        0.40099239349365234,
        0.4336996078491211,
        0.4661741256713867,
        0.499178409576416,
        0.5325343608856201,
        0.5658299922943115,
        0.5985331535339355,
        0.6314151287078857,
        0.6640574932098389,
        0.6970682144165039,
        0.730987548828125,
        0.7644608020782471,
        0.798090934753418,
        0.8315505981445312,
        0.864501953125,
        0.8980841636657715,
        0.930722713470459,
        0.9637937545776367,
        0.9975223541259766,
        1.0303900241851807,
        1.063805341720581,
        1.096858024597168,
        1.1297328472137451,
        1.1635496616363525,
        1.1961085796356201,
        1.2291054725646973,
        1.2611911296844482,
        1.2936089038848877,
        1.3261077404022217,
        1.3588101863861084,
        1.3918251991271973,
        1.42449951171875,
        1.4564993381500244,
        1.4882986545562744,
        1.521836280822754,
        1.554732084274292,
        1.5881149768829346,
        1.620570421218872,
        1.6536006927490234,
        1.6866309642791748,
        1.7195444107055664,
        1.7521040439605713,
        1.7852799892425537,
        1.8179008960723877,
        1.850898027420044,
        1.8834350109100342,
        1.9162404537200928,
        1.9496862888336182,
        1.9834132194519043,
        2.016488552093506,
        2.0495009422302246,
        2.083172559738159,
        2.116805076599121,
        2.1495957374572754,
        2.1834633350372314,
        2.217317581176758,
        2.249918222427368,
        2.2839794158935547,
        2.3178398609161377,
        2.3506429195404053,
        2.383613109588623,
        2.416724920272827,
        2.450317621231079,
        2.4840610027313232,
        2.5177719593048096,
        2.5506739616394043,
        2.584169626235962,
        2.61745023727417,
        2.651050329208374,
        2.684046983718872,
        2.7172064781188965,
        2.750697374343872,
        2.784188747406006,
        2.817850112915039,
        2.850607395172119,
        2.883498191833496,
        2.916597604751587,
        2.9512813091278076,
        2.985044002532959,
        3.0185940265655518,
        3.0521352291107178,
        3.0847582817077637,
        3.117579936981201,
        3.15107798576355,
        3.1838815212249756,
        3.217275619506836,
        3.2511446475982666,
        3.2851662635803223,
        3.318180561065674,
        3.3514044284820557,
        3.3840715885162354,
        3.416930913925171,
        3.44990873336792,
        3.483574867248535,
        3.5170106887817383,
        3.549858331680298,
        3.582447052001953,
        3.6159491539001465,
        3.648277521133423,
        3.681171417236328,
        3.714433431625366,
        3.747894525527954,
        3.781859874725342,
        3.815080165863037,
        3.8490095138549805,
        3.881930112838745,
        3.9161500930786133,
        3.9488508701324463,
        3.9816646575927734,
        4.014739990234375,
        4.048196077346802,
        4.081896066665649,
        4.115485668182373,
        4.1480677127838135,
        4.181601524353027,
        4.215172529220581,
        4.248953104019165,
        4.282257318496704,
        4.315780401229858,
        4.3489625453948975,
        4.381744146347046,
        4.414975166320801,
        4.447357892990112,
        4.480423450469971,
        4.513912677764893,
        4.546934366226196,
        4.579504728317261,
        4.6126182079315186,
        4.6567206382751465,
        4.701177597045898,
        4.746038913726807,
        4.779743432998657,
        4.814399003982544,
        4.847646236419678,
        4.88100790977478,
        4.914644241333008,
        4.948488235473633,
        4.981745958328247,
        5.014897346496582
    ],
    "x": [
        0.912,
        17.781,
        17.76,
        17.821,
        17.891,
        17.961,
        18.093,
        18.319,
        18.65,
        19.071,
        19.581,
        20.21,
        20.878,
        21.707,
        22.55,
        23.526,
        24.545,
        25.691,
        26.858,
        28.192,
        29.49,
        30.905,
        32.496,
        34.144,
        35.896,
        37.716,
        39.439,
        41.37,
        43.235,
        45.208,
        47.249,
        49.174,
        51.216,
        53.24,
        55.403,
        57.563,
        59.678,
        61.798,
        63.968,
        66.06,
        68.082,
        70.107,
        72.29,
        74.31,
        76.401,
        78.452,
        80.563,
        82.627,
        84.769,
        86.763,
        87.557,
        90.988,
        93.14,
        95.214,
        97.382,
        99.429,
        101.512,
        102.242,
        105.788,
        107.966,
        110.071,
        112.045,
        114.081,
        116.049,
        117.896,
        119.825,
        121.755,
        123.784,
        125.718,
        127.752,
        129.875,
        131.931,
        134.119,
        136.282,
        138.61,
        140.926,
        143.291,
        145.542,
        147.876,
        150.224,
        152.42,
        154.685,
        156.99,
        159.15,
        161.372,
        163.614,
        165.702,
        167.862,
        169.92,
        172.157,
        174.05,
        176.071,
        178.067,
        178.599,
        181.853,
        183.719,
        185.656,
        187.627,
        189.592,
        191.535,
        193.43,
        195.468,
        197.317,
        199.202,
        201.196,
        203.158,
        205.018,
        206.95,
        208.732,
        210.687,
        212.474,
        213.119,
        216.065,
        217.871,
        219.612,
        221.297,
        223.035,
        224.728,
        226.489,
        228.126,
        229.819,
        231.467,
        233.19,
        234.923,
        236.742,
        238.42,
        240.149,
        241.806,
        243.514,
        244.099,
        246.997,
        248.638,
        250.33,
        251.964,
        253.625,
        255.171,
        256.854,
        258.419,
        260.095,
        261.708,
        263.821,
        265.784,
        267.772,
        269.279,
        270.897,
        272.534,
        273.106,
        275.844,
        277.605,
        279.36,
        281.09
    ],