{
    "angle": 30,
    "throttle": 20,
    "move_time": 5,
    "times": [
        3.814697265625e-06,
        0.03241395950317383,
        0.06520557403564453,
        0.09885716438293457,
        0.1323239803314209,
        0.16613268852233887,
        0.19922232627868652,
        0.23157048225402832,
        0.2652261257171631,
        0.29839468002319336,
        0.3313889503479004,
        0.3640913963317871,
        0.39734411239624023,
        0.43058323860168457,
        0.46398210525512695,
        0.4974098205566406,
        0.5305883884429932,
        0.5634827613830566,
        0.5959699153900146,
        0.6298024654388428,
        0.6625747680664062,
        0.6966276168823242,
        0.7297627925872803,
        0.7632880210876465,
        0.7962896823883057,
        0.8297991752624512,
        0.8626916408538818,
        0.8954408168792725,
        0.9291763305664062,
        0.9621303081512451,
        0.9949517250061035,
        1.02793550491333,
        1.0608644485473633,
        1.0940420627593994,
        1.1271958351135254,
        1.159663438796997,
        1.1931931972503662,
        1.225914478302002,
        1.2594356536865234,
        1.2924723625183105,
        1.326401948928833,
        1.3596115112304688,
        1.3935155868530273,
        1.4274275302886963,
        1.4614646434783936,
        1.4951412677764893,
        1.5284998416900635,
        1.5622150897979736,
        1.5949699878692627,
        1.6281185150146484,
        1.6618313789367676,
        1.6955063343048096,
        1.7281584739685059,
        1.7624711990356445,
        1.795975923538208,
        1.829695463180542,
        1.8633427619934082,
        1.895859718322754,
        1.9285480976104736,
        1.9620153903961182,
        1.9954380989074707,
        2.029186248779297,
        2.0614776611328125,
        2.0941550731658936,
        2.1276979446411133,
        2.1602141857147217,
        2.1933188438415527,
        2.226437568664551,
        2.2601494789123535,
        2.294259786605835,
        2.338890552520752,
        2.383150339126587,
        2.4273157119750977,
        2.4600753784179688,
        2.493119716644287,
        2.527177095413208,
        2.560304880142212,
        2.5928564071655273,
        2.6269774436950684,
        2.6712806224823,
        2.715935230255127,
        2.7600786685943604,
        2.8048882484436035,
        2.8387300968170166,
        2.8717763423919678,
        2.9047067165374756,
        2.939328193664551,
        2.972181558609009,
        3.005680561065674,
        3.0392074584960938,
        3.0721893310546875,
        3.1052470207214355,
        3.1383278369903564,
        3.1714131832122803,
        3.2157862186431885,
        3.260589599609375,
        3.3043627738952637,
        3.33748197555542,
        3.3701934814453125,
        3.4141244888305664,
        3.4586143493652344,
        3.50239896774292,
        3.546574831008911,
        3.590726852416992,
        3.6240477561950684,
        3.657118082046509,
        3.6897659301757812,
        3.73345947265625,
        3.7782161235809326,
        3.8224732875823975,
        3.866697072982788,
        3.9109344482421875,
        3.9549171924591064,
        3.999708414077759,
        4.032626152038574,
        4.065764665603638,
        4.099060773849487,
        4.132116079330444,
        4.176303386688232,
        4.221032619476318,
        4.264908790588379,
        4.310015439987183,
        4.3537938594818115,
        4.397845268249512,
        4.442131757736206,
        4.486715078353882,
        4.5316033363342285,
        4.575191020965576,
        4.619145631790161,
        4.662322521209717,
        4.706129312515259,
        4.750157833099365,
        4.794195175170898,
        4.838031768798828,
        4.884139060974121,
        4.92994499206543,
        4.973931550979614,
        5.0182952880859375
    ],
    "x": [
        2.958,
        2.353,
        2.276,
        2.235,
        2.21,
        2.191,
        2.191,
        2.261,
        2.381,
        2.553,
        2.774,
        3.065,
        3.381,
        3.762,
        4.182,
        4.626,
        5.147,
        5.669,
        6.284,
        6.965,
        7.623,
        8.371,
        9.168,
        9.928,
        10.777,
        11.692,
        12.557,
        13.463,
        14.468,
        15.46,
        16.405,
        17.427,
        18.399,
        19.472,
        20.504,
        21.513,
        22.656,
        23.8,
        24.854,
        26.032,
        27.208,
        28.387,
        29.542,
        30.768,
        31.975,
        33.214,
        34.491,
        35.766,
        36.969,
        38.236,
        39.483,
        40.683,
        41.98,
        43.252,
        44.524,
        45.838,
        47.047,
        48.33,
        49.554,
        50.811,
        52.002,
        53.251,
        54.394,
        55.615,
        56.748,
        57.893,
        58.973,
        60.066,
        61.101,
        62.144,
        63.456,
        64.71,
        65.911,
        66.838,
        67.778,
        68.804,
        69.829,
        70.827,
        71.884,
        73.219,
        74.539,
        75.789,
        77.011,
        77.915,
        78.921,
        79.891,
        80.947,
        82.069,
        83.157,
        84.153,
        85.252,
        85.559,
        87.275,
        88.309,
        89.743,
        91.064,
        92.378,
        93.371,
        94.492,
        95.884,
        97.221,
        98.564,
        99.909,
        101.219,
        102.231,
        103.22,
        104.299,
        105.757,
        107.216,
        108.603,
        109.986,
        111.348,
        112.689,
        114.055,
        115.168,
        116.274,
        117.287,
        118.433,
        119.888,
        121.302,
        122.682,
        124.184,
        125.547,
        126.877,
        128.246,
        129.589,
        130.945,
        132.309,
        133.693,
        135.129,
        136.572,
        137.988,
        139.386,
        140.796,
        142.263,
        143.743,
        145.13,
        146.496
    ],