{
    "angle": 20,
    "throttle": 40,
    "move_time": 5,
    "times": [
        3.814697265625e-06,
        0.032373905181884766,
        0.06502461433410645,
        0.09805917739868164,
        0.13133573532104492,
        0.16415786743164062,
        0.19752144813537598,
        0.23138880729675293,
        0.264542818069458,
        0.2987079620361328,
        0.3311588764190674,
        0.36514711380004883,
        0.39885473251342773,
        0.4324679374694824,
        0.4660789966583252,
        0.49904656410217285,
        0.5321433544158936,
        0.5651364326477051,
        0.5982744693756104,
        0.6313681602478027,
        0.6657567024230957,
        0.698695182800293,
        0.7318143844604492,
        0.7647075653076172,
        0.7989768981933594,
        0.8324353694915771,
        0.8661861419677734,
        0.9000310897827148,
        0.9339876174926758,
        0.966890811920166,
        0.9997603893280029,
        1.0319972038269043,
        1.0658631324768066,
        1.099191427230835,
        1.1320881843566895,
        1.1650514602661133,
        1.1981852054595947,
        1.231642484664917,
        1.2643907070159912,
        1.2973759174346924,
        1.3306937217712402,
        1.364731788635254,
        1.3975639343261719,
        1.430983066558838,
        1.4643216133117676,
        1.4976286888122559,
        1.530601978302002,
        1.5642001628875732,
        1.5979723930358887,
        1.6313354969024658,
        1.6653084754943848,
        1.6983850002288818,
        1.7311670780181885,
        1.7641162872314453,
        1.7973778247833252,
        1.8314321041107178,
        1.86423921585083,
        1.8980209827423096,
        1.9312925338745117,
        1.964850664138794,
        1.9982194900512695,
        2.0313916206359863,
        2.064483165740967,
        2.097529172897339,
        2.1314139366149902,
        2.164811849594116,
        2.1999597549438477,
        2.233187198638916,
        2.2670319080352783,
        2.299898386001587,
        2.3441314697265625,
        2.3877041339874268,
        2.4202094078063965,
        2.453731060028076,
        2.4876163005828857,
        2.531735420227051,
        2.5758867263793945,
        2.6199042797088623,
        2.652878761291504,
        2.6859450340270996,
        2.718614101409912,
        2.763235092163086,
        2.807166814804077,
        2.8400557041168213,
        2.873314619064331,
        2.9072227478027344,
        2.940101385116577,
        2.973663091659546,
        3.007100820541382,
        3.0508203506469727,
        3.095294952392578,
        3.1287665367126465,
        3.161346197128296,
        3.1945810317993164,
        3.2276082038879395,
        3.260260581970215,
        3.293484926223755,
        3.3379735946655273,
        3.3817944526672363,
        3.426103115081787,
        3.4708869457244873,
        3.5159196853637695,
        3.549386501312256,
        3.5930304527282715,
        3.637547731399536,
        3.6833956241607666,
        3.7165372371673584,
        3.760164499282837,
        3.805121898651123,
        3.8498899936676025,
        3.894881248474121,
        3.939140558242798,
        3.9844532012939453,
        4.028749227523804,
        4.072663307189941,
        4.117361068725586,
        4.161593675613403,
        4.20536994934082,
        4.250374794006348,
        4.294552803039551,
        4.339750051498413,
        4.383727073669434,
        4.428049564361572,
        4.472357749938965,
        4.517393350601196,
        4.561927795410156,
        4.606432199478149,
        4.6510069370269775,
        4.69516134262085,
        4.738641738891602,
        4.783243894577026,
        4.827833414077759,
        4.871020793914795,
        4.914892911911011,
        4.959777355194092,
        5.005118370056152
    ],
    "x": [
        -0.877,
        -7.508,
        -7.432,
        -7.327,
        -7.199,
        -7.084,
        -6.952,
        -6.797,
        -6.627,
        -6.553,
        -6.157,
        -5.873,
        -5.558,
        -5.252,
        -4.913,
        -4.549,
        -4.446,
        -3.814,
        -3.429,
        -3.011,
        -2.568,
        -2.117,
        -1.621,
        -1.127,
        -0.544,
        -0.016,
        0.564,
        0.783,
        1.775,
        2.381,
        2.979,
        3.568,
        4.212,
        4.897,
        5.541,
        6.231,
        6.909,
        7.614,
        8.291,
        9.021,
        9.74,
        10.435,
        10.703,
        11.919,
        12.624,
        12.896,
        14.092,
        14.87,
        15.652,
        16.427,
        17.211,
        17.987,
        18.798,
        19.57,
        20.405,
        21.239,
        22.056,
        22.915,
        23.741,
        24.56,
        25.347,
        26.167,
        26.954,
        27.257,
        28.622,
        29.45,
        30.321,
        31.173,
        31.979,
        32.732,
        33.705,
        34.645,
        35.319,
        36.008,
        36.676,
        37.546,
        38.283,
        38.951,
        39.441,
        39.907,
        40.395,
        41.04,
        41.646,
        42.107,
        42.616,
        43.155,
        43.692,
        44.257,
        44.854,
        45.645,
        46.57,
        47.193,
        47.915,
        48.622,
        49.353,
        50.072,
        50.814,
        51.75,
        52.639,
        53.443,
        54.235,
        54.946,
        55.468,
        56.166,
        56.905,
        57.619,
        58.116,
        58.906,
        59.705,
        60.407,
        61.144,
        61.828,
        62.492,
        63.115,
        63.791,
        64.471,
        65.108,
        65.759,
        66.454,
        67.175,
        67.965,
        68.717,
        69.501,
        70.292,
        71.132,
        72.01,
        72.883,
        73.886,
        74.842,
        75.703,
        76.597,
        77.442,
        78.303,
        79.078,
        79.921,
        80.903
    ],