{
    "angle": 50,
    "throttle": 10,
    "move_time": 5,
    "times": [
        3.0994415283203125e-06,
        0.0330202579498291,
        0.0654599666595459,
        0.09844517707824707,
        0.13155555725097656,
        0.16440582275390625,
        0.1981813907623291,
        0.23199105262756348,
        0.2652285099029541,
        0.2985858917236328,
        0.3312520980834961,
        0.3654770851135254,
        0.39883899688720703,
        0.43211817741394043,
        0.46576690673828125,
        0.49890923500061035,
        0.5322706699371338,
        0.5658471584320068,
        0.5991706848144531,
        0.6318750381469727,
        0.6659500598907471,
        0.6989846229553223,
        0.7320113182067871,
        0.7656385898590088,
        0.7997262477874756,
        0.8334417343139648,
        0.86763596534729,
        0.9009978771209717,
        0.9348201751708984,
        0.9686801433563232,
        1.0019562244415283,
        1.0350589752197266,
        1.068861722946167,
        1.1021382808685303,
        1.1351027488708496,
        1.1682727336883545,
        1.202559471130371,
        1.2361266613006592,
        1.2681639194488525,
        1.3010342121124268,
        1.3344275951385498,
        1.3672618865966797,
        1.400357961654663,
        1.4333844184875488,
        1.4669716358184814,
        1.499936819076538,
        1.5328798294067383,
        1.5664317607879639,
        1.5997846126556396,
        1.6335034370422363,
        1.6670706272125244,
        1.7009267807006836,
        1.7343509197235107,
        1.7671434879302979,
        1.801361083984375,
        1.835780382156372,
        1.868642807006836,
        1.9025228023529053,
        1.935448169708252,
        1.9691545963287354,
        2.0018694400787354,
        2.035529613494873,
        2.069166898727417,
        2.1019444465637207,
        2.1349146366119385,
        2.168219566345215,
        2.20107102394104,
        2.234886884689331,
        2.2678959369659424,
        2.301506996154785,
        2.3345746994018555,
        2.367563247680664,
        2.4005486965179443,
        2.432943820953369,
        2.466121196746826,
        2.4988133907318115,
        2.5315682888031006,
        2.565112352371216,
        2.598689556121826,
        2.6315078735351562,
        2.6648495197296143,
        2.69793438911438,
        2.7317795753479004,
        2.765415906906128,
        2.7986297607421875,
        2.832427978515625,
        2.865603446960449,
        2.899686336517334,
        2.933502197265625,
        2.966866970062256,
        3.0004851818084717,
        3.034450054168701,
        3.068537712097168,
        3.1017704010009766,
        3.1358680725097656,
        3.169707775115967,
        3.2033934593200684,
        3.236151933670044,
        3.269659996032715,
        3.302928924560547,
        3.3370587825775146,
        3.3706231117248535,
        3.4038009643554688,
        3.437060594558716,
        3.470244884490967,
        3.5031216144561768,
        3.536623954772949,
        3.569638252258301,
        3.6030256748199463,
        3.636044502258301,
        3.6687920093536377,
        3.701855182647705,
        3.7353858947753906,
        3.768218994140625,
        3.8007984161376953,
        3.8342361450195312,
        3.866886615753174,
        3.9004218578338623,
        3.933610677719116,
        3.9663894176483154,
        3.9990806579589844,
        4.0319108963012695,
        4.065457582473755,
        4.098434686660767,
        4.132529258728027,
        4.166451454162598,
        4.199154853820801,
        4.231863260269165,
        4.265010356903076,
        4.298533916473389,
        4.33212947845459,
        4.36597204208374,
        4.399069547653198,
        4.432259798049927,
        4.465801477432251,
        4.498788118362427,
        4.532267808914185,
        4.5654377937316895,
        4.59876275062561,
        4.632322549819946,
        4.666299343109131,
        4.699683904647827,
        4.732967138290405,
        4.7668137550354,
        4.811403751373291,
        4.855783939361572,
        4.888644456863403,
        4.932985067367554,
        4.977203369140625,
        5.010572910308838
    ],
    "x": [
        1.938,
        -12.113,
        -12.131,
        -12.054,
        -11.975,
        -11.924,
        -11.826,
        -11.624,
        -11.315,
        -10.901,
        -10.38,
        -9.809,
        -9.132,
        -8.43,
        -7.63,
        -6.712,
        -5.78,
        -4.723,
        -3.551,
        -2.389,
        -1.098,
        0.331,
        1.718,
        3.221,
        4.831,
        6.471,
        8.142,
        9.869,
        11.622,
        13.375,
        15.049,
        16.864,
        18.674,
        20.402,
        22.274,
        24.035,
        24.742,
        28.026,
        29.902,
        31.924,
        33.809,
        35.751,
        37.609,
        39.586,
        41.547,
        43.454,
        45.459,
        47.301,
        49.349,
        51.384,
        53.403,
        55.475,
        57.434,
        59.467,
        61.536,
        63.614,
        65.509,
        67.532,
        69.557,
        71.556,
        73.46,
        75.477,
        77.453,
        79.318,
        81.347,
        83.218,
        85.253,
        87.304,
        89.195,
        91.234,
        93.129,
        95.093,
        96.981,
        98.957,
        100.745,
        102.731,
        104.59,
        106.526,
        108.42,
        110.374,
        112.289,
        114.198,
        116.175,
        118.092,
        119.991,
        121.986,
        123.925,
        125.925,
        127.909,
        129.88,
        131.798,
        133.802,
        135.753,
        137.748,
        139.746,
        141.69,
        143.616,
        145.445,
        147.32,
        149.168,
        151.019,
        152.821,
        154.5,
        156.316,
        157.982,
        159.754,
        161.451,
        163.216,
        164.992,
        166.714,
        168.5,
        170.184,
        171.997,
        173.654,
        175.414,
        177.066,
        178.801,
        180.491,
        182.287,
        183.945,
        185.791,
        187.496,
        188.109,
        190.969,
        192.77,
        194.518,
        196.353,
        198.06,
        199.823,
        201.566,
        203.361,
        205.113,
        205.783,
        208.629,
        209.244,
        212.224,
        213.921,
        213.921,
        217.424,
        219.209,
        219.83,
        222.919,
        224.794,
        226.614,
        229.05,
        229.593,
        233.233,
        235.827,
        238.274,
        240.016
    ],