{"angle": 0, "throttle": 50, "move_time": 5, "times": [3.814697265625e-06, 0.03319954872131348, 0.06591916084289551, 0.09855198860168457, 0.13109183311462402, 0.16605544090270996, 0.1994616985321045, 0.23258471488952637, 0.2657897472381592, 0.2989528179168701, 0.33309435844421387, 0.36603879928588867, 0.39901304244995117, 0.4324605464935303, 0.46585702896118164, 0.49901270866394043, 0.5328900814056396, 0.5659103393554688, 0.598691463470459, 0.6322174072265625, 0.6661295890808105, 0.6986894607543945, 0.7319886684417725, 0.7654016017913818, 0.7979404926300049, 0.831641674041748, 0.8647828102111816, 0.8975386619567871, 0.9303638935089111, 0.9636015892028809, 0.9967451095581055, 1.0296828746795654, 1.0621988773345947, 1.0954723358154297, 1.1281557083129883, 1.1612813472747803, 1.1952717304229736, 1.2280056476593018, 1.2610812187194824, 1.2946267127990723, 1.327110767364502, 1.3601648807525635, 1.3938243389129639, 1.4274344444274902, 1.4622271060943604, 1.4951341152191162, 1.5291333198547363, 1.5625078678131104, 1.5967299938201904, 1.630286693572998, 1.6634571552276611, 1.697155475616455, 1.7315590381622314, 1.7645580768585205, 1.7980992794036865, 1.831667423248291, 1.864701747894287, 1.8982300758361816, 1.931591510772705, 1.9642903804779053, 1.996736764907837, 2.0302798748016357, 2.0637881755828857, 2.0968990325927734, 2.1304779052734375, 2.163148880004883, 2.195913791656494, 2.239225387573242, 2.2846312522888184, 2.3179128170013428, 2.3511459827423096, 2.3843955993652344, 2.4171037673950195, 2.4499869346618652, 2.483278274536133, 2.515714406967163, 2.548706293106079, 2.5815277099609375, 2.6148643493652344, 2.6479833126068115, 2.680872917175293, 2.7250077724456787, 2.769066333770752, 2.813469886779785, 2.8581104278564453, 2.9023098945617676, 2.9469709396362305, 2.992528200149536, 3.036317825317383, 3.0802817344665527, 3.1239705085754395, 3.168440580368042, 3.2132480144500732, 3.257598400115967, 3.2915596961975098, 3.33605694770813, 3.3804852962493896, 3.4242184162139893, 3.467977285385132, 3.5129623413085938, 3.5574092864990234, 3.6023335456848145, 3.6464056968688965, 3.6905109882354736, 3.7346436977386475, 3.7798454761505127, 3.824580669403076, 3.8695340156555176, 3.9134960174560547, 3.958094835281372, 4.001991033554077, 4.0465850830078125, 4.09123158454895, 4.135746955871582, 4.179762840270996, 4.2242817878723145, 4.267604351043701, 4.311386585235596, 4.355852842330933, 4.399828910827637, 4.444185018539429, 4.487814664840698, 4.531503677368164, 4.575103282928467, 4.619922399520874, 4.663994312286377, 4.707433700561523, 4.751213788986206, 4.79662299156189, 4.84049391746521, 4.8860297203063965, 4.9302568435668945, 4.974697828292847, 5.018985271453857], "x": [-4.072, -9.09, -9.07, -9.048, -9.017, -9.004, -8.968, -8.883, -8.827, -8.776, -8.709, -8.651, -8.591, -8.53, -8.481, -8.448, -8.43, -8.432, -8.449, -8.468, -8.474, -8.47, -8.461, -8.45, -8.448, -8.461, -8.468, -8.472, -8.479, -8.472, -8.452, -8.442, -8.434, -8.423, -8.423, -8.432, -8.422, -8.389, -8.334, -8.254, -8.175, -8.099, -8.022, -7.926, -7.847, -7.798, -7.749, -7.713, -7.684, -7.666, -7.657, -7.642, -7.614, -7.59, -7.568, -7.568, -7.591, -7.607, -7.604, -7.613, -7.599, -7.599, -7.523, -7.495, -7.439, -7.343, -7.25, -7.132, -7.022, -6.888, -6.786, -6.664, -6.57, -6.467, -6.354, -6.272, -6.223, -6.202, -6.196, -6.196, -6.115, -6.054, -6.073, -6.096, -6.182, -6.282, -6.409, -6.518, -6.617, -6.731, -6.832, -6.94, -7.099, -7.274, -7.405, -7.507, -7.585, -7.638, -7.643, -7.589, -7.565, -7.36, -7.36, -6.995, -6.995, -6.995, -6.995, -6.533, -6.531, -6.51, -6.51, -6.585, -6.673, -6.789, -6.871, -7.007, -7.129, -7.156, -7.363, -7.539, -7.623, -7.739, -7.82, -7.839, -7.79, -7.665, -7.594, -7.193, -7.017, -6.798, -6.755, -6.373, -6.139, -5.9], "y": [-4.367, -5.302, -5.288, -5.283, -5.295, -5.306, -5.306, -5.281, -5.26, -5.214, -5.173, -5.126, -5.054, -4.977, -4.899, -4.776, -4.677, -4.634, -4.541, -4.493, -4.442, -4.372, -4.336, -4.29, -4.29, -4.191, -4.143, -4.093, -4.051, -3.976, -3.916, -3.859, -3.805, -3.787, -3.752, -3.684, -3.667, -3.669, -3.666, -3.691, -3.709, -3.784, -3.863, -4.005, -4.096, -4.193, -4.286, -4.409, -4.52, -4.583, -4.677, -4.764, -4.856, -4.983, -5.078, -5.193, -5.36, -5.497, -5.622, -5.745, -5.811, -5.976, -6.129, -6.229, -6.295, -6.321, -6.394, -6.457, -6.4, -6.383, -6.325, -6.244, -6.188, -6.122, -6.045, -6.008, -5.955, -5.947, -5.947, -5.729, -5.612, -5.5, -5.422, -5.365, -5.391, -5.43, -5.481, -5.518, -5.617, -5.71, -5.865, -5.986, -6.09, -6.266, -6.449, -6.7, -6.876, -7.033, -7.193, -7.386, -7.386, -7.69, -7.69, -7.699, -7.699, -7.699, -7.399, -7.293, -7.199, -7.122, -7.043, -7.034, -6.993, -6.957, -6.902, -6.888, -6.906, -6.906, -6.902, -6.888, -6.884, -6.799, -6.808, -6.799, -6.688, -6.493, -6.493, -6.227, -6.042, -5.927, -5.983, -5.931, -5.936, -6.035], "z": [31.7, 31.7, 32.0, 32.1, 32.1, 32.1, 32.6, 32.6, 33.7, 33.1, 34.2, 35.6, 36.1, 37.0, 40.2, 41.0, 41.1, 43.8, 43.9, 47.4, 48.9, 50.5, 51.9, 53.5, 55.6, 57.1, 59.0, 61.9, 63.4, 65.1, 65.2, 68.0, 70.3, 68.8, 74.7, 78.6, 76.1, 75.6, 77.8, 80.4, 80.8, 88.2, 88.9, 87.6, 88.9, 88.3, 88.3, 93.1, 99.1, 99.1, 103.6, 96.4, 106.2, 101.5, 104.1, 108.6, 108.6, 112.9, 119.2, 119.2, 119.2, 116.8, 121.4, 117.3, 120.9, 120.9, 120.859, 123.058, 125.3, 132.7, 128.6, 128.6, 134.9, 134.9, 139.2, 126.6, 126.6, 126.6, 126.6, 141.4, 140.197, 143.317, 145.447, 147.537, 149.513, 151.498, 153.665, 155.663, 157.756, 159.713, 161.768, 163.83, 165.884, 169.9, 168.508, 170.411, 173.467, 175.576, 177.704, 178.713, 178.713, 182.512, 186.035, 186.593, 186.593, 186.593, 194.296, 196.433, 198.439, 198.88, 202.676, 204.836, 206.811, 208.659, 210.817, 212.975, 214.063, 217.338, 219.383, 221.572, 223.633, 225.748, 227.656, 229.676, 231.67, 232.634, 235.752, 237.918, 239.997, 241.058, 244.268, 246.365, 248.301, 250.373]}