{
    "angle": 40,
    "throttle": 30,
    "move_time": 5,
    "times": [
        3.814697265625e-06,
        0.03244733810424805,
        0.06559038162231445,
        0.09804892539978027,
        0.13164258003234863,
        0.16505026817321777,
        0.19800782203674316,
        0.2312178611755371,
        0.2640378475189209,
        0.29724740982055664,
        0.3302114009857178,
        0.363849401473999,
        0.3983581066131592,
        0.4323272705078125,
        0.46594810485839844,
        0.49965739250183105,
        0.5337176322937012,
        0.5665998458862305,
        0.6003906726837158,
        0.634331464767456,
        0.6683309078216553,
        0.7012286186218262,
        0.7354419231414795,
        0.7688534259796143,
        0.8022103309631348,
        0.8356268405914307,
        0.8691256046295166,
        0.9033033847808838,
        0.9359197616577148,
        0.9694538116455078,
        1.0023162364959717,
        1.0351736545562744,
        1.0681438446044922,
        1.1009604930877686,
        1.1337389945983887,
        1.1664929389953613,
        1.1997900009155273,
        1.233952522277832,
        1.267488718032837,
        1.3005104064941406,
        1.3331358432769775,
        1.3658738136291504,
        1.3990693092346191,
        1.4325997829437256,
        1.46608567237854,
        1.5000789165496826,
        1.53275465965271,
        1.566124439239502,
        1.6002423763275146,
        1.6340150833129883,
        1.6669907569885254,
        1.70033860206604,
        1.7339515686035156,
        1.76656174659729,
        1.798996925354004,
        1.8332889080047607,
        1.866835355758667,
        1.9000766277313232,
        1.9330785274505615,
        1.9678552150726318,
        2.001370906829834,
        2.0348000526428223,
        2.068483352661133,
        2.1017487049102783,
        2.1345043182373047,
        2.1675639152526855,
        2.2007017135620117,
        2.235211133956909,
        2.2690963745117188,
        2.3026952743530273,
        2.3359668254852295,
        2.3690757751464844,
        2.402456283569336,
        2.4367284774780273,
        2.4704079627990723,
        2.5033671855926514,
        2.5363903045654297,
        2.5693235397338867,
        2.6024343967437744,
        2.634795904159546,
        2.6680591106414795,
        2.701509714126587,
        2.734186887741089,
        2.767509698867798,
        2.8004531860351562,
        2.8348240852355957,
        2.8686914443969727,
        2.9020891189575195,
        2.934893846511841,
        2.9679603576660156,
        3.0005416870117188,
        3.0337820053100586,
        3.0667965412139893,
        3.0996761322021484,
        3.1331422328948975,
        3.1665546894073486,
        3.2000482082366943,
        3.2439165115356445,
        3.2881102561950684,
        3.3213164806365967,
        3.3549060821533203,
        3.3880105018615723,
        3.4209110736846924,
        3.45440673828125,
        3.4984045028686523,
        3.5439062118530273,
        3.5893430709838867,
        3.6230671405792236,
        3.656083583831787,
        3.7009575366973877,
        3.7450685501098633,
        3.789576768875122,
        3.8238577842712402,
        3.8568832874298096,
        3.890094518661499,
        3.9228501319885254,
        3.9559760093688965,
        3.9890964031219482,
        4.022062063217163,
        4.055500030517578,
        4.088837385177612,
        4.122240781784058,
        4.156239748001099,
        4.1893792152404785,
        4.223092079162598,
        4.257014513015747,
        4.2899274826049805,
        4.323182582855225,
        4.356099605560303,
        4.389510631561279,
        4.4351794719696045,
        4.479243993759155,
        4.512703895568848,
        4.545684814453125,
        4.578856468200684,
        4.6121110916137695,
        4.644994735717773,
        4.678034782409668,
        4.710718393325806,
        4.744397163391113,
        4.777360200881958,
        4.8212902545928955,
        4.865257740020752,
        4.909896612167358,
        4.954278469085693,
        4.9980995655059814,
        5.042531967163086
    ],
    "x": [
        -3.098,
        -3.1,
        -3.083,
        -3.001,
        -2.902,
        -2.812,
        -2.687,
        -2.492,
        -2.255,
        -1.923,
        -1.555,
        -1.555,
        -0.62,
        -0.047,
        0.581,
        1.259,
        1.525,
        2.762,
        3.621,
        4.57,
        5.566,
        6.601,
        7.745,
        8.922,
        10.033,
        11.307,
        12.6,
        13.909,
        15.206,
        16.61,
        17.927,
        19.401,
        20.772,
        22.202,
        23.587,
        24.94,
        26.397,
        27.901,
        29.388,
        30.774,
        32.297,
        33.724,
        35.262,
        36.754,
        38.285,
        39.787,
        41.245,
        42.769,
        44.295,
        45.835,
        47.361,
        48.798,
        50.368,
        51.823,
        53.379,
        54.959,
        56.512,
        57.962,
        59.539,
        61.108,
        62.653,
        64.17,
        65.779,
        67.38,
        68.957,
        70.616,
        72.184,
        72.813,
        75.729,
        77.299,
        79.074,
        80.857,
        82.512,
        84.367,
        86.201,
        87.981,
        89.688,
        91.487,
        93.15,
        94.873,
        96.598,
        98.247,
        99.832,
        101.43,
        102.877,
        104.517,
        105.96,
        107.463,
        108.991,
        110.381,
        111.729,
        113.173,
        114.497,
        115.893,
        117.323,
        118.647,
        120.028,
        121.767,
        123.478,
        124.759,
        126.154,
        127.485,
        128.904,
        130.316,
        132.208,
        134.071,
        135.886,
        137.234,
        138.548,
        140.404,
        141.705,
        143.894,
        145.258,
        146.714,
        148.13,
        149.51,
        151.069,
        152.591,
        153.992,
        155.556,
        156.997,
        158.463,
        160.008,
        161.508,
        163.01,
        164.518,
        165.907,
        167.311,
        168.686,
        170.127,
        172.022,
        173.773,
        175.106,
        176.537,
        177.93,
        179.468,
        180.985,
        182.463,
        184.006,
        185.546,
        187.061,
        188.9,
        190.705,
        192.486,
        194.244,
        196.017,
        197.718
    ],