{
    "angle": 10,
    "throttle": 10,
    "move_time": 5,
    "times": [
        3.0994415283203125e-06,
        0.03299307823181152,
        0.06669259071350098,
        0.09964346885681152,
        0.13265275955200195,
        0.16679000854492188,
        0.20003032684326172,
        0.23339486122131348,
        0.2669239044189453,
        0.30109500885009766,
        0.3338930606842041,
        0.36749911308288574,
        0.4007740020751953,
        0.43430233001708984,
        0.46869468688964844,
        0.5013542175292969,
        0.5341744422912598,
        0.5672502517700195,
        0.5998926162719727,
        0.6332240104675293,
        0.6661617755889893,
        0.6988627910614014,
        0.7321081161499023,
        0.7656378746032715,
        0.7983417510986328,
        0.831857442855835,
        0.8655309677124023,
        0.8983912467956543,
        0.9313628673553467,
        0.9648706912994385,
        0.9978382587432861,
        1.0305259227752686,
        1.062974214553833,
        1.095813274383545,
        1.1283347606658936,
        1.161391019821167,
        1.194465160369873,
        1.2269465923309326,
        1.2602179050445557,
        1.293335199356079,
        1.3271903991699219,
        1.3601875305175781,
        1.3932018280029297,
        1.4260566234588623,
        1.459764003753662,
        1.4930553436279297,
        1.5263242721557617,
        1.5593781471252441,
        1.5933432579040527,
        1.6275136470794678,
        1.6611802577972412,
        1.6940114498138428,
        1.7275123596191406,
        1.761232852935791,
        1.7947990894317627,
        1.8277270793914795,
        1.861898422241211,
        1.8948848247528076,
        1.9277546405792236,
        1.960907220840454,
        1.9938979148864746,
        2.0264036655426025,
        2.059300184249878,
        2.0920941829681396,
        2.12542986869812,
        2.158419370651245,
        2.1914100646972656,
        2.2249703407287598,
        2.2586276531219482,
        2.291234016418457,
        2.324286699295044,
        2.3568029403686523,
        2.389892578125,
        2.423919916152954,
        2.457491397857666,
        2.4903066158294678,
        2.5236878395080566,
        2.5571846961975098,
        2.5898306369781494,
        2.622774839401245,
        2.6564433574676514,
        2.689955949783325,
        2.722766637802124,
        2.7561872005462646,
        2.788975477218628,
        2.8223814964294434,
        2.8560380935668945,
        2.889854907989502,
        2.923344850540161,
        2.9567670822143555,
        2.990260601043701,
        3.0234172344207764,
        3.0572102069854736,
        3.090092897415161,
        3.123749256134033,
        3.157606840133667,
        3.191937208175659,
        3.2244722843170166,
        3.25750732421875,
        3.29091215133667,
        3.3245766162872314,
        3.3581044673919678,
        3.3909566402435303,
        3.4243907928466797,
        3.4687442779541016,
        3.5138397216796875,
        3.5464062690734863,
        3.579427480697632,
        3.61259126663208,
        3.645756483078003,
        3.6786131858825684,
        3.7121949195861816,
        3.747183084487915,
        3.780270576477051,
        3.8135879039764404,
        3.847139835357666,
        3.8792834281921387,
        3.9125747680664062,
        3.9458603858947754,
        3.978485584259033,
        4.011506080627441,
        4.044934511184692,
        4.078140020370483,
        4.111495494842529,
        4.145379066467285,
        4.178786039352417,
        4.212527275085449,
        4.245080471038818,
        4.2784929275512695,
        4.312092065811157,
        4.346545457839966,
        4.3792290687561035,
        4.412108421325684,
        4.445326328277588,
        4.4783971309661865,
        4.511767387390137,
        4.544674396514893,
        4.577283143997192,
        4.610016107559204,
        4.643077373504639,
        4.676119804382324,
        4.709353446960449,
        4.743055820465088,
        4.776484727859497,
        4.80932879447937,
        4.842685699462891,
        4.875842094421387,
        4.909173250198364,
        4.942104816436768,
        4.975255012512207,
        5.0090553760528564
    ],
    "x": [
        -3.58,
        -8.636,
        -8.627,
        -8.574,
        -8.529,
        -8.444,
        -8.369,
        -8.304,
        -8.239,
        -8.162,
        -8.136,
        -7.975,
        -7.873,
        -7.873,
        -7.66,
        -7.66,
        -7.66,
        -7.66,
        -7.66,
        -7.66,
        -7.66,
        -7.66,
        -6.482,
        -6.267,
        -6.033,
        -5.768,
        -5.505,
        -5.254,
        -4.987,
        -4.714,
        -4.459,
        -4.209,
        -3.94,
        -3.682,
        -3.429,
        -3.156,
        -2.901,
        -2.636,
        -2.37,
        -2.084,
        -1.798,
        -1.521,
        -1.242,
        -0.986,
        -0.707,
        -0.448,
        -0.21,
        0.042,
        0.282,
        0.521,
        0.776,
        1.022,
        1.283,
        1.558,
        1.657,
        2.115,
        2.418,
        2.719,
        3.001,
        3.322,
        3.416,
        3.931,
        4.264,
        4.582,
        4.908,
        5.213,
        5.529,
        5.84,
        6.134,
        6.434,
        6.708,
        6.995,
        7.254,
        7.527,
        7.813,
        8.087,
        8.395,
        8.718,
        8.807,
        9.372,
        9.704,
        10.058,
        10.44,
        10.814,
        11.213,
        11.6,
        11.998,
        12.396,
        12.816,
        13.229,
        13.591,
        13.971,
        14.318,
        14.621,
        14.927,
        15.206,
        15.459,
        15.541,
        15.894,
        16.102,
        16.293,
        16.492,
        16.697,
        16.9,
        17.177,
        17.497,
        17.721,
        17.964,
        18.198,
        18.443,
        18.67,
        18.886,
        19.092,
        19.275,
        19.465,
        19.654,
        19.832,
        19.883,
        20.189,
        20.402,
        20.625,
        20.841,
        21.039,
        21.27,
        21.353,
        21.702,
        21.9,
        22.125,
        22.354,
        22.618,
        22.889,
        23.15,
        23.402,
        23.67,
        23.903,
        24.141,
        24.351,
        24.584,
        24.783,
        25.017,
        25.27,
        25.557,
        25.858,
        26.144,
        26.402,
        26.594,
        26.772,
        26.948,
        27.126,
        27.323,
        27.531
    ],