{
    "angle": 10,
    "throttle": 50,
    "move_time": 5,
    "times": [
        5.4836273193359375e-06,
        0.03271627426147461,
        0.06629657745361328,
        0.10019755363464355,
        0.13305044174194336,
        0.16577911376953125,
        0.19849491119384766,
        0.23134446144104004,
        0.2651383876800537,
        0.2997002601623535,
        0.3327188491821289,
        0.36568140983581543,
        0.3998441696166992,
        0.4333665370941162,
        0.46671175956726074,
        0.5001606941223145,
        0.532609224319458,
        0.5668613910675049,
        0.6003901958465576,
        0.6334354877471924,
        0.6668424606323242,
        0.7002325057983398,
        0.7334504127502441,
        0.7662482261657715,
        0.7994852066040039,
        0.8323886394500732,
        0.8671550750732422,
        0.9002349376678467,
        0.93265700340271,
        0.9659404754638672,
        0.9990854263305664,
        1.0320494174957275,
        1.0661394596099854,
        1.098548412322998,
        1.1310276985168457,
        1.1649069786071777,
        1.1978685855865479,
        1.2306392192840576,
        1.2636172771453857,
        1.2968122959136963,
        1.3308780193328857,
        1.3643815517425537,
        1.4083099365234375,
        1.4529471397399902,
        1.496079921722412,
        1.5290937423706055,
        1.5621678829193115,
        1.5950496196746826,
        1.6282849311828613,
        1.6614632606506348,
        1.6941726207733154,
        1.7270565032958984,
        1.7603304386138916,
        1.793142318725586,
        1.8266754150390625,
        1.8605999946594238,
        1.893845558166504,
        1.9278061389923096,
        1.96144437789917,
        1.994372844696045,
        2.0280869007110596,
        2.06127667427063,
        2.0945160388946533,
        2.1390914916992188,
        2.1833572387695312,
        2.2274184226989746,
        2.2712438106536865,
        2.315443277359009,
        2.3590383529663086,
        2.3920774459838867,
        2.426264524459839,
        2.4589147567749023,
        2.5024514198303223,
        2.547118663787842,
        2.5797715187072754,
        2.623844623565674,
        2.668159246444702,
        2.712209701538086,
        2.745805501937866,
        2.7786264419555664,
        2.8116517066955566,
        2.8451709747314453,
        2.889824628829956,
        2.9342525005340576,
        2.9679083824157715,
        3.001009464263916,
        3.0453174114227295,
        3.0893194675445557,
        3.1345467567443848,
        3.167825698852539,
        3.212226152420044,
        3.2573611736297607,
        3.3016533851623535,
        3.346031427383423,
        3.3913094997406006,
        3.4360764026641846,
        3.480053186416626,
        3.5236873626708984,
        3.567685842514038,
        3.612982988357544,
        3.657477378845215,
        3.701449155807495,
        3.746673345565796,
        3.791865110397339,
        3.835914373397827,
        3.8795666694641113,
        3.9126436710357666,
        3.9566869735717773,
        4.000702142715454,
        4.045172452926636,
        4.0890631675720215,
        4.133225440979004,
        4.178205728530884,
        4.222500562667847,
        4.26759672164917,
        4.312090158462524,
        4.35682225227356,
        4.400600433349609,
        4.445223808288574,
        4.490115642547607,
        4.534308433532715,
        4.577669382095337,
        4.622291088104248,
        4.667307138442993,
        4.711154222488403,
        4.755540609359741,
        4.800533771514893,
        4.844075918197632,
        4.889286518096924,
        4.934001207351685,
        4.978561639785767,
        5.022442817687988
    ],
    "x": [
        -3.988,
        -6.897,
        -6.919,
        -6.943,
        -6.952,
        -7.001,
        -7.001,
        -7.047,
        -7.047,
        -7.098,
        -7.098,
        -7.095,
        -7.092,
        -7.079,
        -7.045,
        -7.021,
        -7.009,
        -6.963,
        -6.935,
        -6.899,
        -6.853,
        -6.804,
        -6.751,
        -6.731,
        -6.644,
        -6.598,
        -6.585,
        -6.52,
        -6.362,
        -6.247,
        -6.103,
        -6.058,
        -5.79,
        -5.599,
        -5.417,
        -5.203,
        -5.015,
        -4.82,
        -4.644,
        -4.443,
        -4.248,
        -4.056,
        -3.793,
        -3.498,
        -3.218,
        -3.133,
        -2.748,
        -2.486,
        -2.229,
        -2.01,
        -1.802,
        -1.585,
        -1.371,
        -1.16,
        -0.932,
        -0.707,
        -0.461,
        -0.189,
        0.093,
        0.409,
        0.712,
        0.822,
        1.288,
        1.629,
        1.958,
        2.308,
        2.675,
        3.024,
        3.376,
        3.616,
        3.855,
        4.096,
        4.403,
        4.702,
        4.917,
        5.251,
        5.495,
        5.916,
        6.168,
        6.401,
        6.634,
        6.903,
        7.231,
        7.56,
        7.812,
        8.053,
        8.356,
        8.663,
        8.973,
        9.182,
        9.452,
        9.72,
        10.038,
        10.343,
        10.75,
        11.121,
        11.406,
        11.705,
        12.066,
        12.472,
        12.877,
        13.264,
        13.621,
        13.979,
        14.319,
        14.661,
        14.947,
        15.294,
        15.638,
        16.018,
        16.442,
        16.726,
        17.213,
        17.607,
        17.981,
        18.416,
        18.811,
        19.136,
        19.522,
        19.909,
        20.291,
        20.646,
        21.067,
        21.502,
        21.981,
        22.374,
        22.728,
        23.057,
        23.324,
        23.631,
        24.048,
        24.52
    ],
    "y": [
        -6.0,
        -5.957,
        -5.916,
        -5.865,
        -5.817,
        -5.786,
        -5.709,
        -5.709,
        -5.588,
        -5.511,
        -5.427,
        -5.338,
        -5.236,
        -5.1,
        -4.965,
        -4.81,
        -4.642,
        -4.503,
        -4.357,
        -4.206,
        -4.077,
        -3.935,
        -3.801,
        -3.706,
        -3.619,
        -3.54,
        -3.436,
        -3.315,
        -3.197,
        -3.067,
        -2.93,
        -2.799,
        -2.7,
        -2.601,
        -2.517,
        -2.467,
        -2.426,
        -2.419,
        -2.424,
        -2.405,
        -2.415,
        -2.423,
        -2.418,
        -2.441,
        -2.476,
        -2.542,
        -2.583,
        -2.625,
        -2.706,
        -2.774,
        -2.852,
        -2.951,
        -3.043,
        -3.14,
        -3.264,
        -3.339,
        -3.427,
        -3.519,
        -3.602,
        -3.707,
        -3.785,
        -3.831,
        -3.905,
        -4.005,
        -4.151,
        -4.301,
        -4.499,
        -4.663,
        -4.831,
        -4.978,
        -5.102,
        -5.235,
        -5.385,
        -5.562,
        -5.658,
        -5.763,
        -5.964,
        -6.153,
        -6.304,
        -6.416,
        -6.554,
        -6.753,
        -6.959,
        -7.155,
        -7.295,
        -7.42,
        -7.569,
        -7.701,
        -7.874,
        -7.92,
        -7.993,
        -8.048,
        -8.263,
        -8.396,
        -8.559,
        -8.73,
        -8.861,
        -8.944,
        -9.039,
        -9.131,
        -9.177,
        -9.199,
        -9.18,
        -9.146,
        -9.072,
        -9.089,
        -9.039,
        -8.986,
        -8.924,
        -8.886,
        -8.784,
        -8.791,
        -8.792,
        -8.749,
        -8.748,
        -8.806,
        -8.781,
        -8.738,
        -8.738,
        -8.676,
        -8.62,
        -8.523,
        -8.449,
        -8.328,
        -8.223,
        -8.03,
        -7.928,
        -7.785,
        -7.761,
        -7.668,
        -7.549,
        -7.377
    ],