{"angle": 0, "throttle": 10, "move_time": 2, "times": [3.814697265625e-06, 0.03304862976074219, 0.06641530990600586, 0.09995841979980469, 0.13336563110351562, 0.16573643684387207, 0.1984727382659912, 0.23153114318847656, 0.26461338996887207, 0.2975308895111084, 0.33188319206237793, 0.36578917503356934, 0.39907097816467285, 0.4322969913482666, 0.46581220626831055, 0.49890828132629395, 0.5318565368652344, 0.5663268566131592, 0.5998661518096924, 0.6333999633789062, 0.6669316291809082, 0.7005002498626709, 0.7333338260650635, 0.7663860321044922, 0.8001582622528076, 0.8338823318481445, 0.8675110340118408, 0.9012656211853027, 0.9344058036804199, 0.9682600498199463, 1.0023860931396484, 1.0356578826904297, 1.06833815574646, 1.101546287536621, 1.1341001987457275, 1.1676909923553467, 1.2007431983947754, 1.2336175441741943, 1.2676010131835938, 1.3008952140808105, 1.334026575088501, 1.3668596744537354, 1.399965763092041, 1.4332587718963623, 1.4668188095092773, 1.4998342990875244, 1.5328128337860107, 1.5655460357666016, 1.5987238883972168, 1.6328284740447998, 1.666585922241211, 1.6991922855377197, 1.7322423458099365, 1.7659873962402344, 1.7997219562530518, 1.8325655460357666, 1.8659882545471191, 1.899566411972046, 1.9324514865875244, 1.9656589031219482, 1.9988853931427002, 2.032437324523926], "x": [-1.961, -1.317, -1.382, -1.569, -1.758, -1.758, -1.758, -1.758, -2.629, -2.629, -2.629, -2.629, -3.407, -3.407, -3.805, -3.972, -4.12, -4.235, -4.321, -4.392, -4.452, -4.5, -4.545, -4.601, -4.641, -4.649, -4.676, -4.684, -4.7, -4.664, -4.603, -4.529, -4.495, -4.379, -4.379, -4.006, -3.875, -3.735, -3.572, -3.425, -3.257, -3.104, -2.967, -2.851, -2.73, -2.607, -2.474, -2.339, -2.188, -2.004, -1.825, -1.633, -1.408, -1.187, -0.961, -0.742, -0.488, -0.197, -0.104, 0.476, 0.572, 0.884], "y": [-2.576, -2.61, -2.632, -2.65, -2.65, -2.65, -2.65, -2.65, -2.813, -2.813, -2.813, -2.813, -3.075, -3.075, -3.218, -3.281, -3.346, -3.391, -3.445, -3.511, -3.55, -3.636, -3.745, -3.833, -3.894, -4.035, -4.101, -4.169, -4.221, -4.256, -4.3, -4.326, -4.349, -4.349, -4.349, -4.419, -4.463, -4.495, -4.536, -4.589, -4.623, -4.665, -4.714, -4.757, -4.8, -4.849, -4.893, -4.939, -5.003, -5.024, -5.058, -5.103, -5.12, -5.143, -5.18, -5.201, -5.228, -5.267, -5.291, -5.331, -5.364, -5.371], "z": [38.8, 38.8, 38.8, 38.8, 38.8, 38.8, 38.8, 38.8, 38.8, 38.8, 38.8, 38.8, 38.8, 40.4, 40.7, 39.9, 40.9, 40.5, 41.0, 41.0, 42.5, 42.5, 41.8, 42.5, 41.5, 41.5, 44.2, 44.4, 44.4, 44.0, 45.4, 45.8, 45.8, 45.8, 45.8, 46.3, 46.3, 47.8, 47.1, 47.6, 47.8, 47.4, 49.1, 47.9, 48.8, 48.9, 48.9, 50.7, 50.0, 51.3, 50.4, 51.6, 53.2, 51.2, 53.2, 51.8, 52.1, 52.4, 52.4, 52.1, 53.2, 55.2]}